Journal title,Journal ISSN (print version),Journal EISSN (online version),Journal license,Added on Date,OA start
Journal of Ayurveda and Integrative Medicine,0975-9476,0976-2809,"CC BY, CC BY-NC-ND",2010-08-31T13:11:53Z,2016
Kanz Philosophia: A Journal for Islamic Philosophy and Mysticism,2442-5451,2407-1056,CC BY-NC-SA,2016-05-04T18:46:48Z,2020
International Journal of Education Policy and Leadership,,1555-5062,CC BY-NC-SA,2007-02-02T09:27:36Z,2012
Düzce Tıp Fakültesi Dergisi,,1307-671X,CC BY-NC-ND,2009-03-24T09:11:10Z,2015
Language Documentation & Conservation,,1934-5275,"CC BY, CC BY-SA, CC BY-ND, CC BY-NC, CC BY-NC-SA, CC BY-NC-ND",2007-12-14T14:45:59Z,2012
Food Technology and Biotechnology,1330-9862,1334-2606,CC BY,2005-08-03T11:49:19Z,2017
Acta Botanica Croatica,0365-0588,1847-8476,CC BY,2007-03-07T12:02:09Z,2011
Journal of the Meteorological Society of Japan,0026-1165,2186-9057,CC BY,2018-04-24T14:42:29Z,2026
Social Science Spectrum,,2454-2806,CC BY,2017-05-19T13:59:56Z,2023
Scientific Annals of the Danube Delta Institute,1842-614X,2247-9902,CC BY,2017-12-18T17:41:40Z,2025
Hemijska Industrija,0367-598X,2217-7426,CC BY,2010-09-28T15:53:42Z,2017
Criminocorpus,,2108-6907,CC BY-NC-ND,2011-01-13T15:47:34Z,2013
Dental Research Journal,1735-3327,2008-0255,CC BY-NC-SA,2008-03-18T15:48:17Z,2015
Türk Patoloji Dergisi,1018-5615,1309-5730,CC BY,2009-08-25T17:13:07Z,2013
Electronic Journal of Qualitative Theory of Differential Equations,,1417-3875,CC BY,2003-11-17T00:00:00Z,2017
Croatian Journal of Fisheries,1330-061X,1848-0586,CC BY-NC-ND,2011-09-01T14:35:53Z,2016
Journal of Ophthalmic & Vision Research,2008-2010,2008-322X,CC BY,2009-03-02T16:00:30Z,2010
Вестник Екатеринбургской духовной семинарии,2224-5391,2782-7496,CC BY-NC,2021-12-17T16:24:54Z,2025
International Journal of Technology,2086-9614,2087-2100,CC BY-NC-ND,2012-11-26T12:35:13Z,2017
Pharmaceuticals,,1424-8247,CC BY,2005-01-21T13:02:49Z,2009
NWIG,1382-2373,2213-4360,CC BY,2012-07-12T13:51:41Z,2013
Journal of Orofacial Sciences,0975-8844,2320-4737,CC BY-NC-SA,2010-11-16T13:23:01Z,2014
Annals of Cardiac Anaesthesia,0971-9784,0974-5181,CC BY-NC-SA,2004-01-21T00:00:00Z,2008
Journal of Indian Society of Pedodontics and Preventive Dentistry,0970-4388,1998-3905,CC BY-NC-SA,2004-10-08T13:49:39Z,2005
Soter: Religijos Mokslo Žurnalas,1392-7450,2335-8785,CC BY,2008-08-14T11:36:38Z,2014
The International Journal of Frontier Sciences,2618-0359,2618-0367,CC BY,2020-06-20T08:28:16Z,2024
Revista Electrónica Gestión de las Personas y Tecnología,,0718-5693,CC BY-NC,2010-09-06T11:05:29Z,2019
Portuguese Journal of Pediatrics,2184-3333,2184-4453,CC BY-NC-ND,2020-03-10T19:27:08Z,2023
Acta Medica Transilvanica,1453-1968,2285-7079,CC BY-NC-ND,2013-11-04T14:41:50Z,2017
Journal of Microbiology & Biology Education,1935-7877,1935-7885,CC BY-NC-ND,2010-04-21T11:01:09Z,2016
Geologija,0016-7789,1854-620X,CC BY,2010-11-16T10:55:31Z,2016
Acta Agriculturae Slovenica,1581-9175,1854-1941,CC BY,2005-05-11T13:22:23Z,2016
Revista de la Sociedad Entomológica Argentina,0373-5680,1851-7471,CC BY,2006-03-31T15:01:09Z,2013
Journal of Indian Association of Pediatric Surgeons,0971-9261,1998-3891,CC BY-NC-SA,2004-10-08T13:32:11Z,2005
The Journal of Association of Chest Physicians,2320-8775,2320-9089,CC BY-NC-SA,2013-03-29T09:55:33Z,2014
Acta Dermato-Venereologica,0001-5555,1651-2057,"CC BY, CC BY-NC",2011-11-10T12:31:05Z,2017
Anàlisi: Quaderns de Comunicació i Cultura,0211-2175,2340-5236,CC BY,2008-10-31T12:55:45Z,2010
Quaderns de Psicología,0211-3481,2014-4520,CC BY,2010-03-31T17:43:09Z,2015
Veterinary Medicine International,2090-8113,2042-0048,CC BY,2009-12-23T13:02:11Z,2010
Stem Cells International,1687-966X,1687-9678,CC BY,2009-12-23T12:56:27Z,2010
Italian Journal of Pediatrics,1720-8424,1824-7288,"CC BY, CC BY-NC-ND",2004-07-09T10:02:44Z,2008
RIA: Revista Investigaciones Agropecuarias,0325-8718,1669-2314,CC BY-NC,2017-06-14T16:36:24Z,2024
Investigación y Postgrado,1316-0087,2244-7474,CC BY-NC-SA,2019-06-23T21:51:02Z,2021
Kulturstudier,,1904-5352,CC BY-NC-ND,2011-03-18T11:55:31Z,2016
Molecular Systems Biology,,1744-4292,"CC BY, CC0",2005-03-30T16:46:31Z,2009
Journal of the Saudi Society of Agricultural Sciences,,1658-077X,"CC BY, CC BY-NC-ND",2016-12-01T09:13:42Z,2025
Diagnostic Pathology,,1746-1596,"CC BY, CC BY-NC-ND",2005-04-26T09:09:59Z,2006
Acta Veterinaria,,1820-7448,CC BY,2010-11-11T12:48:25Z,2014
International Archives of Otorhinolaryngology,1809-9777,1809-4864,CC BY,2008-08-22T14:28:15Z,2012
"Омский научный вестник: Серия ""Авиационно-ракетное и энергетическое машиностроение""",2588-0373,2587-764X,CC BY,2021-01-19T13:17:17Z,2023
Florida Entomologist,0015-4040,1938-5102,CC BY,2003-11-20T00:00:00Z,2016
Acta Orthopaedica,1745-3674,1745-3682,"CC BY, CC BY-NC",2005-03-02T10:20:44Z,2009
Neurosignals,1424-862X,1424-8638,CC BY-NC-ND,2006-08-16T16:32:13Z,2013
International Journal of Gerontology,1873-9598,,CC BY-NC-ND,2017-04-05T13:56:58Z,2018
"Омский научный вестник: Серия ""Общество. История. Современность""",2542-0488,2541-7983,CC BY,2021-01-19T13:16:06Z,2023
Revista Electrónica de Investigación Educativa,,1607-4041,CC BY-NC,2004-10-20T15:50:23Z,2016
"Bulletin of the Polytechnic Institute of Jassy: Constructions, Architechture Section",1224-3884,2068-4762,CC BY-NC-ND,2009-10-07T11:23:48Z,2022
Sučasnì Informacìjnì Tehnologìï u Sferì Bezpeki ta Oboroni,2311-7249,2410-7336,CC BY-NC-ND,2015-11-04T09:37:12Z,2017
Ogigia,,1887-3731,CC BY,2008-02-05T10:58:02Z,2013
Actualidades Biológicas,0304-3584,2145-7166,CC BY-NC-SA,2018-08-13T23:05:38Z,2019
Brussels Studies,,2031-0293,CC BY,2010-04-23T12:07:32Z,2017
Jurnal Ilmu Dasar,1411-5735,2442-5613,CC BY-SA,2019-11-28T03:27:08Z,2022
Наука і техніка Повітряних Сил Збройних Сил України,2223-456X,2518-1505,CC BY,2018-10-27T14:34:04Z,2019
Acta Scientiarum: Animal Sciences,1806-2636,1807-8672,CC BY,2008-09-08T10:54:04Z,2011
Future Journal of Pharmaceutical Sciences,2314-7245,2314-7253,CC BY,2016-09-21T15:35:48Z,2019
International Journal of Emergency Medicine,1865-1372,1865-1380,"CC BY, CC BY-NC-ND",2010-04-13T16:15:33Z,2011
Journal of Saudi Chemical Society,1319-6103,2212-4640,"CC BY, CC BY-NC-ND",2016-05-03T19:16:55Z,2025
Journal of King Saud University: Engineering Sciences,1018-3639,2213-1558,"CC BY, CC BY-NC-ND",2016-05-03T19:25:35Z,2025
Acta Universitatis Danubius: Administratio,2068-5459,2069-9336,CC BY-NC,2010-10-05T14:30:45Z,2019
Evolution: Education and Outreach,1936-6426,1936-6434,"CC BY, CC BY-NC-ND",2008-06-30T15:53:13Z,2013
Osmanli Bilimi Arastirmalari,1303-3123,,CC BY-NC,2015-09-21T16:03:12Z,2017
Image & Narrative,,1780-678X,CC BY-NC-ND,2004-09-21T09:59:56Z,2009
Stanovništvo,0038-982X,2217-3986,CC BY,2010-11-03T15:51:09Z,2017
Turkish Journal of Emergency Medicine,,2452-2473,CC BY-NC-SA,2017-10-30T15:44:23Z,2020
Informatică economică,1453-1305,1842-8088,CC BY,2008-11-25T10:43:28Z,2017
Ra Ximhai,1665-0441,,CC BY-NC-ND,2005-11-22T15:29:41Z,2011
Romanian Journal of Society and Politics,1582-5795,2393-3224,CC BY-ND,2015-09-08T16:53:00Z,2017
Computational Linguistics,0891-2017,1530-9312,CC BY-NC-ND,2002-10-06T12:07:02Z,2017
Aerosol and Air Quality Research,1680-8584,2071-1409,CC BY,2020-08-17T14:32:18Z,2021
"Bijdragen tot de Taal-, Land- en Volkenkunde",0006-2294,2213-4379,CC BY,2011-02-14T15:37:48Z,2013
Journal of Research in Medical Sciences,1735-1995,1735-7136,CC BY-NC-SA,2005-11-11T14:24:56Z,2015
Revista Ambiente & Água,,1980-993X,CC BY,2007-09-07T16:58:05Z,2012
Avá,1515-2413,1851-1694,CC BY-NC-ND,2012-04-26T13:55:07Z,2018
Journal of Oncological Sciences,,2452-3364,CC BY-NC-ND,2017-08-29T14:10:10Z,2025
Клиническая офтальмология,2311-7729,2619-1571,CC BY,2019-04-08T15:46:16Z,2020
Kvalita Inovácia Prosperita,1335-1745,1338-984X,CC BY,2010-03-30T16:04:52Z,2012
Educación Física y Deporte,0120-677X,2145-5880,CC BY-NC-SA,2010-02-23T11:35:54Z,2016
Jurnal Pengabdian Pada Masyarakat,2540-8739,2540-8747,CC BY,2019-03-10T17:48:35Z,2022
Frontera Norte,0187-7372,2594-0260,CC BY-NC-ND,2005-08-24T07:48:23Z,2010
Psicológica,0211-2159,1576-8597,"CC BY, CC BY-SA, CC BY-NC, CC BY-NC-SA",2003-09-16T00:00:00Z,2016
Filolog,1986-5864,2233-1158,CC BY-NC,2016-07-19T19:44:05Z,2020
GeoScience Engineering,,1802-5420,CC BY,2012-08-29T09:59:38Z,2014
"Educación, Formación e Investigación",,2422-5975,CC BY-NC-SA,2018-05-23T11:56:21Z,2022
İletişim Kuram ve Araştırma Dergisi,,2147-4524,CC BY-NC,2016-02-15T11:45:48Z,2018
Folia Medica,0204-8043,1314-2143,CC BY-NC,2011-07-01T09:24:23Z,2019
Mountain Research and Development,0276-4741,1994-7151,CC BY,2002-10-15T11:17:04Z,2009
Nordlit: Tidsskrift i litteratur og kultur,0809-1668,1503-2086,CC BY,2005-12-01T14:51:52Z,2008
NAMMCO Scientific Publications,1560-2206,2309-2491,CC BY,2013-09-25T18:36:11Z,2014
Epistīmonika Chronika,1791-1362,2241-1666,CC BY-NC-SA,2012-11-28T11:54:29Z,2014
Ocean Science,1812-0784,1812-0792,CC BY,2004-11-22T09:06:08Z,2005
Alfa: Revista de Lingüística,0002-5216,1981-5794,CC BY,2009-03-10T14:30:57Z,2011
Saudi Dental Journal,1013-9052,2524-1702,"CC BY, CC BY-NC-ND",2007-05-28T14:18:34Z,2025
Saudi Pharmaceutical Journal,1319-0164,2213-7475,"CC BY, CC BY-NC-ND",2016-05-03T19:14:08Z,2025
Rudarsko-geološko-naftni Zbornik,0353-4529,1849-0409,CC BY,2007-11-21T16:15:27Z,2015
Biological Procedures Online,,1480-9222,"CC BY, CC BY-NC-ND",2003-11-20T00:00:00Z,2009
Health SA Gesondheid: Journal of Interdisciplinary Health Sciences,1025-9848,2071-9736,CC BY,2010-09-13T10:52:09Z,2018
Journal of Chemistry,2090-9063,2090-9071,CC BY,2012-05-30T07:09:10Z,2013
Genomics & Informatics,1598-866X,2234-0742,CC BY,2017-06-24T14:39:49Z,2024
Journal of Inequalities and Applications,,1029-242X,"CC BY, CC BY-NC-ND",2002-06-21T08:43:19Z,2005
International Agrophysics,,2300-8725,CC BY,2008-06-09T11:29:13Z,2012
"Philosophy, Ethics, and Humanities in Medicine",,1747-5341,"CC BY, CC BY-NC-ND",2005-08-02T16:24:58Z,2006
Hereditas,0018-0661,1601-5223,"CC BY, CC0",2003-01-17T14:11:59Z,2005
International Breastfeeding Journal,,1746-4358,"CC BY, CC BY-NC-ND",2005-04-26T10:17:20Z,2006
Psyche: A Journal of Entomology,0033-2615,1687-7438,CC BY,2008-01-22T13:02:45Z,2009
Journal of King Saud University: Computer and Information Sciences,1319-1578,2213-1248,"CC BY, CC BY-NC-ND",2016-05-03T19:28:30Z,2025
Beni-Suef University Journal of Basic and Applied Sciences,2314-8535,2314-8543,CC BY,2016-04-22T17:10:30Z,2019
Oceanologia,0078-3234,2300-7370,"CC BY, CC BY-NC-ND",2003-10-03T00:00:00Z,2011
International Journal of Clinical and Health Psychology,1697-2600,2174-0852,"CC BY, CC BY-NC, CC BY-NC-ND",2005-08-24T07:48:23Z,2013
Journal of Cardiovascular Magnetic Resonance,1097-6647,1532-429X,"CC BY, CC BY-NC-ND",2005-01-10T17:34:02Z,2008
Journal of Biomedical Science,1021-7770,1423-0127,"CC BY, CC0",2002-05-01T20:13:31Z,2009
Tropical Medicine and Health,1348-8945,1349-4147,"CC BY, CC BY-NC-ND",2005-11-02T16:39:29Z,2016
Nucleic Acids Research,0305-1048,1362-4962,"CC BY, CC BY-NC",2002-10-06T12:06:49Z,2005
Koers : Bulletin for Christian Scholarship,0023-270X,2304-8557,CC BY,2013-04-25T17:02:32Z,2020
Anais da Academia Brasileira de Ciências,0001-3765,1678-2690,CC BY,2004-04-23T21:31:00Z,2015
Global Education Review,,2325-663X,CC BY,2013-10-21T14:12:13Z,2014
Balkan Medical Journal,2146-3123,2146-3131,CC BY-NC-ND,2017-12-06T13:37:23Z,2021
"Mediterranean Journal of Infection, Microbes and Antimicrobials",,2147-673X,CC BY-NC-ND,2017-07-28T13:08:56Z,2024
Antropólogos Iberoamericanos en Red,1695-9752,1578-9705,CC BY-NC-SA,2005-09-21T10:38:06Z,2006
Acta Orthopaedica et Traumatologica Turcica,1017-995X,2589-1294,CC BY-NC,2006-05-03T12:59:14Z,2020
MatLit,,2182-8830,CC BY,2013-08-15T14:40:17Z,2017
Acta Ichthyologica et Piscatoria,0137-1592,1734-1515,CC BY,2005-02-01T14:59:05Z,2016
Journal of Indian Orthodontic Society,0301-5742,0974-9098,"CC BY, CC BY-NC",2017-09-06T13:14:16Z,2019
Проблемы музыкальной науки,2782-358X,2782-3598,CC BY-NC-ND,2015-11-29T16:57:19Z,2020
Kidney & Blood Pressure Research,1420-4096,1423-0143,"CC BY, CC BY-NC",2002-05-01T20:13:31Z,2013
Civilizar,1657-8953,2619-189X,CC BY-NC-ND,2009-12-01T17:14:01Z,2010
Laboreal,,1646-5237,CC BY-NC,2008-12-23T13:52:03Z,2014
Affectio Societatis,0123-8884,,CC BY-NC-SA,2010-09-27T09:57:36Z,2015
Telondefondo : Revista de Teoría y Crítica Teatral,,1669-6301,CC BY-NC-SA,2010-02-01T13:53:20Z,2015
Eskişehir Osmangazi Üniversitesi Mühendislik ve Mimarlık Fakültesi Dergisi,,2630-5712,CC BY,2019-10-07T10:01:13Z,2021
Per Musi,1517-7599,2317-6377,CC BY,2012-05-08T09:08:27Z,2015
Cuadernos de Antropología Social,0327-3776,1850-275X,CC BY,2007-06-08T15:50:19Z,2010
Wacana: Journal of the Humanities of Indonesia,1411-2272,2407-6899,CC BY-NC,2015-06-10T14:37:21Z,2018
Angiologia e Cirurgia Vascular,1646-706X,2183-0096,CC BY-NC-ND,2012-05-30T14:11:48Z,2013
Computer Science Journal of Moldova,1561-4042,2587-4330,CC BY-NC-SA,2009-01-23T11:58:14Z,2017
Družboslovne Razprave,0352-3608,1581-968X,CC BY,2012-11-15T20:47:24Z,2017
Journal of Electrical and Electronics Engineering,1844-6035,2067-2128,CC BY-NC,2009-11-12T09:06:20Z,2012
Revista de Estudios Sociales,0123-885X,1900-5180,CC BY-NC-ND,2007-08-15T14:47:39Z,2016
Ius et Praxis,0717-2877,0718-0012,CC BY,2004-04-23T21:31:01Z,2005
Radovi : Zavod za Hrvatsku Povijest,0353-295X,1849-0344,CC BY,2012-07-23T11:09:54Z,2017
Burns & Trauma,,2321-3876,"CC BY, CC BY-NC",2014-05-17T09:05:25Z,2015
Jurnal Ilmu Pemerintahan,2503-4685,2528-0724,CC BY-NC,2017-08-08T08:22:31Z,2019
Boletín de la Sociedad Española de Historiografía Lingüística,1695-2030,2386-5830,CC BY-NC-ND,2015-09-22T13:48:08Z,2019
Journal of Medical Ultrasound,0929-6441,2212-1552,CC BY-NC-SA,2016-04-21T14:05:19Z,2018
International Journal of Human Capital in Urban Management,2476-4698,2476-4701,CC BY,2018-01-08T20:38:44Z,2022
Journal of Youth Development,,2325-4017,CC BY-NC,2017-06-01T12:55:55Z,2022
Migraciones Internacionales,1665-8906,2594-0279,CC BY-NC-ND,2005-08-24T07:48:23Z,2015
Пернатые хищники и их охрана,1814-0076,1814-8654,CC BY-NC,2006-09-13T12:33:37Z,2014
Caldasia,0366-5232,2357-3759,CC BY,2016-11-07T14:48:13Z,2017
Eesti ja Soome-ugri Keeleteaduse Ajakiri,1736-8987,2228-1339,CC BY-NC-SA,2012-08-21T12:36:36Z,2013
Entropy,,1099-4300,CC BY,2003-10-01T00:00:00Z,2016
The ESPecialist,,2318-7115,CC BY,2017-12-14T16:44:03Z,2022
Polish Polar Research,0138-0338,2081-8262,CC BY,2007-10-12T12:23:20Z,2010
"Вісник Національного технічного університету України ""Київський політехничний інститут». Серія Машинобудування",2305-9001,2409-5966,CC BY,2015-03-16T18:22:40Z,2017
Revista de Economía Mundial,1576-0162,2340-4264,CC BY,2006-09-15T11:36:31Z,2012
Indian Journal of Community Medicine,0970-0218,1998-3581,CC BY-NC-SA,2004-10-07T14:07:09Z,2005
Medical Education Online,,1087-2981,"CC BY, CC BY-NC",2003-09-24T00:00:00Z,2016
Anatolian Journal of Cardiology,2149-2263,2149-2271,CC BY-NC,2016-08-28T07:49:25Z,2022
International Journal of Differential Equations,1687-9643,1687-9651,CC BY,2009-07-14T09:12:15Z,2010
Papers,0210-2862,2013-9004,CC BY-NC,2008-10-31T12:15:45Z,2015
Jornal de Pediatria,0021-7557,1678-4782,CC BY,2004-04-23T21:31:00Z,2013
Journal of Nutrition and Metabolism,2090-0724,2090-0732,CC BY,2009-12-23T10:43:55Z,2010
South African Medical Journal,0256-9574,2078-5135,CC BY-NC,2016-11-14T10:10:43Z,2022
Hong Kong Physiotherapy Journal,1013-7025,1876-441X,CC BY-NC-ND,2016-06-09T18:32:16Z,2018
Mukaddime,1309-6087,2459-0711,CC BY-NC,2017-04-03T14:56:02Z,2024
European Respiratory Review,0905-9180,1600-0617,"CC BY, CC BY-NC",2009-07-06T15:46:26Z,2013
Revista Brasileira de Hematologia e Hemoterapia,1516-8484,1806-0870,CC BY-NC-ND,2004-04-23T21:31:01Z,2014
Documents d'Anàlisi Geogràfica,0212-1573,2014-4512,CC BY-NC,2008-10-31T10:01:51Z,2012
Management şi Marketing,1842-0206,2069-8887,"CC BY, CC BY-NC-ND",2011-02-11T16:46:03Z,2026
Brazilian Journal of Cardiovascular Surgery,0102-7638,1678-9741,CC BY,2004-04-23T21:31:01Z,2005
Alcoholism and Drug Addiction,0867-4361,1689-3530,CC BY-NC-ND,2016-05-10T11:04:30Z,2017
The Journal of Headache and Pain,1129-2369,1129-2377,"CC BY, CC BY-NC-ND",2002-05-01T20:13:54Z,2011
Central European Journal of Public Policy,,1802-4866,CC BY,2007-11-27T16:16:41Z,2015
Religião e Sociedade,0100-8587,1984-0438,CC BY,2006-04-11T13:36:11Z,2007
Australasian Journal of Plastic Surgery,,2209-170X,CC BY,2019-09-24T12:59:52Z,2020
RGO: Revista Gaúcha de Odontologia,0103-6971,1981-8637,CC BY,2009-01-30T12:08:28Z,2014
Water Science,1110-4929,2357-0008,"CC BY, CC BY-NC-ND",2021-02-11T13:55:50Z,2026
Revista Brasileira de Educação Especial,1413-6538,1980-5470,CC BY,2007-11-15T13:52:45Z,2015
Tropicultura,0771-3312,2295-8010,CC BY,2006-02-07T13:14:11Z,2017
Old Testament Essays,1010-9919,2312-3621,CC BY,2016-02-23T10:08:24Z,2017
Turkish Journal of Plastic Surgery,,2528-8644,CC BY-NC-SA,2016-08-17T08:55:08Z,2018
European Journal of Psychology Applied to Legal Context,1889-1861,1989-4007,CC BY-NC-ND,2009-07-31T14:36:59Z,2013
Haseki Tıp Bülteni,1302-0072,2147-2688,CC BY-NC-ND,2015-12-18T10:43:43Z,2024
Türk Osteoporoz Dergisi,,2147-2653,CC BY-NC-ND,2015-12-03T12:23:28Z,2024
Христианство на Ближнем Востоке,2587-9316,2949-3234,CC BY-NC,2021-02-04T10:57:32Z,2023
Fotocinema: Revista Científica de Cine y Fotografía,,2172-0150,CC BY-NC-ND,2013-04-24T17:28:47Z,2014
Journal of Vision,,1534-7362,"CC BY, CC BY-NC-ND",2003-04-09T00:00:00Z,2016
Transportes,1415-7713,2237-1346,CC BY,2011-10-03T09:23:32Z,2017
E-l@tina: Revista Electrónica de Estudios Latinoamericanos,,1666-9606,CC BY-NC,2006-06-14T12:03:25Z,2013
California Agriculture,0008-0845,2160-8091,CC BY-NC-ND,2007-05-14T17:02:28Z,2015
Issues in Educational Research,,1837-6290,CC BY-ND,2003-07-31T00:00:00Z,2008
Bucovina Forestieră,1582-0769,1582-3725,CC BY-NC,2015-08-21T19:38:07Z,2018
Cellular Physiology and Biochemistry,1015-8987,1421-9778,CC BY,2002-05-01T20:13:31Z,2013
Bilgi Dünyası,1302-3217,2148-354X,CC BY,2006-03-28T12:52:34Z,2009
Biochemistry Research International,2090-2247,2090-2255,CC BY,2009-12-23T15:28:05Z,2010
International Journal of Biomedical Imaging,1687-4188,1687-4196,CC BY,2005-06-01T17:10:42Z,2006
Les Ateliers de l’Ethique,,1718-9977,CC BY,2008-05-19T11:48:28Z,2011
Water S.A.,0378-4738,1816-7950,CC BY,2003-09-17T00:00:00Z,2005
Clinical Hematology International,,2590-0048,CC BY,2020-02-24T14:44:50Z,2022
Mudarrisa: Jurnal Kajian Pendidikan Islam,2085-2061,2541-3457,CC BY,2017-07-14T14:58:33Z,2023
Journal of Dermatology and Dermatologic Surgery,2352-2410,2352-2429,CC BY-NC-SA,2016-09-13T11:14:05Z,2018
Egyptian Journal of Chest Disease and Tuberculosis,0422-7638,2090-9950,CC BY-NC-SA,2016-11-03T14:37:49Z,2018
Gazi Medical Journal,,2147-2092,CC BY-NC-ND,2015-02-19T16:30:59Z,2023
European Journal of Histochemistry,1121-760X,2038-8306,CC BY-NC,2009-11-26T11:15:42Z,2010
Değerler Eğitimi Dergisi,1303-880X,2667-7504,CC BY-NC,2019-08-16T11:46:50Z,2023
Miscelánea de Estudios Árabes y Hebraicos: Sección Hebreo,1696-585X,2340-2547,CC BY-NC,2013-05-10T16:47:46Z,2017
Synthesis (La Plata),0328-1205,1851-779X,CC BY-NC-SA,2007-06-08T16:23:01Z,2012
Acta Crystallographica Section E,,1600-5368,CC BY,2005-07-26T10:54:18Z,2008
International Journal of Preventive Medicine,2008-7802,2008-8213,CC BY-NC-SA,2010-07-26T08:55:34Z,2011
Journal of Pharmacy and Bioallied Sciences,0976-4879,0975-7406,CC BY-NC-SA,2009-12-11T14:36:32Z,2010
Asian Pacific Journal of Tropical Biomedicine,2221-1691,2588-9222,CC BY-NC-SA,2016-05-10T18:38:55Z,2018
Improvement: Jurnal Ilmiah Untuk Peningkatan Mutu Manajemen Pendidikan,2355-5114,2597-8543,CC BY-NC-SA,2018-03-19T14:11:03Z,2020
"Glocalism: Journal of Culture, Politics and Innovation",,2283-7949,CC BY-SA,2014-10-14T16:02:15Z,2018
New Zealand Journal of Forestry Science,0048-0134,1179-5395,CC BY,2012-05-04T10:21:32Z,2013
Jurisprudencija,1392-6195,2029-2058,CC BY-NC-ND,2012-05-15T13:41:19Z,2013
