doi,publisher,pub_year,crossref_lic,unpaywall_oa,oa_status,unpaywall_lic
10.3389/fpsyg.2022.905762,"Frontiers Media SA",2022,cc-by,TRUE,gold,cc-by
10.21625/archive.v3i3.601,"International Experts for Research Enrichment and Knowledge Exchange (IEREK)",2019,cc-by,TRUE,gold,cc-by
10.3389/fphys.2023.1153861,"Frontiers Media SA",2023,cc-by,TRUE,gold,cc-by
10.4000/etnografica.5951,"OpenEdition",2018,cc-by-nc,TRUE,gold,cc-by-nc
10.3989/aeamer.2011.v68.i2.547,"Editorial CSIC",2011,cc-by,TRUE,gold,cc-by
10.3390/agronomy11040771,"MDPI AG",2021,cc-by,TRUE,gold,cc-by
10.1038/s41541-021-00332-5,"Springer Science and Business Media LLC",2021,cc-by,TRUE,gold,cc-by
10.4081/mrm.2010.530,"PAGEPress Publications",2010,cc-by-nc,TRUE,gold,cc-by-nc
10.1016/j.rinp.2018.02.062,"Elsevier BV",2018,cc-by-nc-nd,TRUE,gold,cc-by-nc-nd
10.3389/fnins.2018.00564,"Frontiers Media SA",2018,cc-by,TRUE,gold,cc-by
10.3390/machines10100938,"MDPI AG",2022,cc-by,TRUE,gold,cc-by
10.1038/s41598-019-44235-x,"Springer Science and Business Media LLC",2019,cc-by,TRUE,gold,cc-by
10.3390/ijtpp5040026,"MDPI AG",2020,cc-by,TRUE,gold,cc-by-nc-nd
10.22146/agroekonomi.16820,"Universitas Gadjah Mada",2016,cc-by-sa,TRUE,gold,cc-by-sa
10.1186/s12910-021-00591-w,"Springer Science and Business Media LLC",2021,cc-by,TRUE,gold,cc-by
10.3390/agriculture12060806,"MDPI AG",2022,cc-by,TRUE,gold,cc-by
10.1080/23311886.2017.1364070,"Informa UK Limited",2017,cc-by,TRUE,gold,cc-by
10.1111/jvim.16176,"Wiley",2021,cc-by-nc-nd,TRUE,gold,cc-by-nc-nd
10.1039/c8ra06452k,"Royal Society of Chemistry (RSC)",2018,cc-by-nc,TRUE,gold,cc-by-nc
10.3390/microorganisms11010157,"MDPI AG",2023,cc-by,TRUE,gold,cc-by
10.1038/srep11744,"Springer Science and Business Media LLC",2015,cc-by,TRUE,gold,cc-by
10.1093/cdn/nzab053_033,"Elsevier BV",2021,cc-by-nc-nd,TRUE,gold,cc-by-nc-nd
10.22235/d.v0i12.294,"Universidad Catolica de Uruguay",2010,cc-by-nc,TRUE,gold,cc-by-nc
10.2147/idr.s385240,"Informa UK Limited",2022,cc-by-nc,TRUE,gold,cc-by-nc
10.1186/s12957-019-1718-1,"Springer Science and Business Media LLC",2019,cc-by,TRUE,gold,cc-by
10.3390/en10091423,"MDPI AG",2017,cc-by,TRUE,gold,cc-by
10.23865/intpol.v78.2436,"Cappelen Damm AS - Cappelen Damm Akademisk",2020,cc-by,TRUE,gold,cc-by
10.1051/shsconf/202213701021,"EDP Sciences",2022,cc-by,TRUE,gold,cc-by
10.1177/0300060519833293,"SAGE Publications",2019,cc-by-nc,TRUE,gold,cc-by-nc
10.1016/j.bbrep.2022.101294,"Elsevier BV",2022,cc-by-nc-nd,TRUE,gold,cc-by-nc-nd
10.1371/journal.pone.0049948,"Public Library of Science (PLoS)",2012,cc-by,TRUE,gold,cc-by
10.1186/1745-6215-16-s2-p202,"Springer Science and Business Media LLC",2015,cc-by,TRUE,gold,cc-by
10.3389/fcell.2020.579659,"Frontiers Media SA",2020,cc-by,TRUE,gold,cc-by
10.3389/fenrg.2022.925430,"Frontiers Media SA",2022,cc-by,TRUE,gold,cc-by
10.5194/acp-22-6749-2022,"Copernicus GmbH",2022,cc-by,TRUE,gold,cc-by
10.1155/2020/6026140,"Hindawi Limited",2020,cc-by,TRUE,gold,cc-by
10.1590/0104-4060.64392,"FapUNIFESP (SciELO)",2020,cc-by,TRUE,gold,cc-by
10.1038/s41467-018-07262-2,"Springer Science and Business Media LLC",2018,cc-by,TRUE,gold,cc-by
10.3389/fcell.2022.874429,"Frontiers Media SA",2022,cc-by,TRUE,gold,cc-by
10.5194/ms-9-405-2018,"Copernicus GmbH",2018,cc-by,TRUE,gold,cc-by
10.3390/heritage2030121,"MDPI AG",2019,cc-by,TRUE,gold,cc-by
10.3389/fpsyt.2021.599905,"Frontiers Media SA",2021,cc-by,TRUE,gold,cc-by
10.1080/21505594.2022.2132053,"Informa UK Limited",2022,cc-by,TRUE,gold,cc-by
10.1088/1748-9326/abef30,"IOP Publishing",2021,cc-by,TRUE,gold,cc-by
10.3389/fnut.2022.874980,"Frontiers Media SA",2022,cc-by,TRUE,gold,cc-by
10.1063/5.0074069,"AIP Publishing",2021,cc-by,TRUE,gold,cc-by
10.3389/fmicb.2020.01196,"Frontiers Media SA",2020,cc-by,TRUE,gold,cc-by
10.1038/s41419-022-04580-8,"Springer Science and Business Media LLC",2022,cc-by,TRUE,gold,cc-by
10.1016/j.egyr.2022.01.051,"Elsevier BV",2022,cc-by-nc-nd,TRUE,gold,cc-by-nc-nd
10.3389/fenvs.2022.932753,"Frontiers Media SA",2022,cc-by,TRUE,gold,cc-by
10.1039/d0ra08743b,"Royal Society of Chemistry (RSC)",2021,cc-by,TRUE,gold,cc-by
10.1097/md.0000000000018596,"Ovid Technologies (Wolters Kluwer Health)",2020,cc-by-nc,TRUE,gold,cc-by-nc
10.1371/journal.pone.0219262,"Public Library of Science (PLoS)",2019,cc-by,TRUE,gold,cc-by
10.1515/cls-2022-0012,"Walter de Gruyter GmbH",2022,cc-by,TRUE,gold,cc-by
10.3989/hs.2008.v60.i122.65,"Editorial CSIC",2008,cc-by,TRUE,gold,cc-by
10.3389/fmolb.2022.953189,"Frontiers Media SA",2022,cc-by,TRUE,gold,cc-by
10.4000/etnografica.12130,"OpenEdition",2022,cc-by-nc,TRUE,gold,cc-by-nc
10.1186/s12984-015-0024-6,"Springer Science and Business Media LLC",2015,cc-by,TRUE,gold,cc-by
10.1016/j.egyr.2021.10.035,"Elsevier BV",2021,cc-by-nc-nd,TRUE,gold,cc-by-nc-nd
10.3390/en10121944,"MDPI AG",2017,cc-by,TRUE,gold,cc-by
10.3389/fvets.2021.646672,"Frontiers Media SA",2021,cc-by,TRUE,gold,cc-by
10.30595/jssh.v3i1.3885,"Lembaga Publikasi Ilmiah dan Penerbitan Universitas Muhammadiyah Purwokerto",2019,cc-by,TRUE,gold,cc-by
10.3389/feart.2023.1119977,"Frontiers Media SA",2023,cc-by,TRUE,gold,cc-by
10.1016/j.dib.2020.106329,"Elsevier BV",2020,cc-by-nc-nd,TRUE,gold,cc-by-nc-nd
10.1186/s13071-019-3747-6,"Springer Science and Business Media LLC",2019,cc-by,TRUE,gold,cc-by
10.5826/dpc.1204a188,"Mattioli1885",2022,cc-by-nc,TRUE,gold,cc-by-nc
10.1038/s41467-017-00583-8,"Springer Science and Business Media LLC",2017,cc-by,TRUE,gold,cc-by
10.3390/mi10070470,"MDPI AG",2019,cc-by,TRUE,gold,cc-by
10.1371/journal.pone.0256158,"Public Library of Science (PLoS)",2021,cc-by,TRUE,gold,cc-by
10.1371/journal.pone.0207102,"Public Library of Science (PLoS)",2018,cc-by,TRUE,gold,cc-by
10.1016/j.ekir.2019.04.024,"Elsevier BV",2019,cc-by-nc-nd,TRUE,gold,cc-by-nc-nd
10.3389/fpsyg.2021.592528,"Frontiers Media SA",2021,cc-by,TRUE,gold,cc-by
10.2147/sar.s315720,"Informa UK Limited",2022,cc-by-nc,TRUE,gold,cc-by-nc
10.2147/cmar.s221427,"Informa UK Limited",2019,cc-by-nc,TRUE,gold,cc-by-nc
10.1371/journal.pone.0201925,"Public Library of Science (PLoS)",2018,cc-by,TRUE,gold,cc-by
10.2298/sarh1212732g,"National Library of Serbia",2012,cc-by-nc,TRUE,gold,cc-by-nc
10.1186/s40461-015-0023-7,"Springer Science and Business Media LLC",2015,cc-by,TRUE,gold,cc-by
10.1186/s13071-019-3802-3,"Springer Science and Business Media LLC",2019,cc-by,TRUE,gold,cc-by
10.3390/ncrna5030044,"MDPI AG",2019,cc-by,TRUE,gold,cc-by
10.1590/1981-52712015v42n3rb20170083.r1,"FapUNIFESP (SciELO)",2018,cc-by,TRUE,gold,cc-by
10.1016/j.nuclphysb.2014.06.022,"Elsevier BV",2014,cc-by,TRUE,gold,cc-by
10.3390/app122312093,"MDPI AG",2022,cc-by,TRUE,gold,cc-by
10.3390/s22124441,"MDPI AG",2022,cc-by,TRUE,gold,cc-by
10.1186/s13063-019-3821-6,"Springer Science and Business Media LLC",2019,cc-by,TRUE,gold,cc-by
10.1016/j.pmedr.2022.101718,"Elsevier BV",2022,cc-by-nc-nd,TRUE,gold,cc-by-nc-nd
10.1371/journal.pone.0134354,"Public Library of Science (PLoS)",2015,cc-by,TRUE,gold,cc-by
10.1155/2014/979418,"Hindawi Limited",2014,cc-by,TRUE,gold,cc-by
10.1038/s41598-022-18662-2,"Springer Science and Business Media LLC",2022,cc-by,TRUE,gold,cc-by
10.3390/plants10102112,"MDPI AG",2021,cc-by,TRUE,gold,cc-by
10.1051/shsconf/20185001216,"EDP Sciences",2018,cc-by,TRUE,gold,cc-by
10.3390/toxics10070369,"MDPI AG",2022,cc-by,TRUE,gold,cc-by
10.1093/geroni/igz038.1223,"Oxford University Press (OUP)",2019,cc-by,TRUE,gold,cc-by
10.1093/cdn/nzz051.or02-01-19,"Elsevier BV",2019,cc-by-nc-nd,TRUE,gold,cc-by-nc-nd
10.31048/1852.4826.v14.n3.36376,"Universidad Nacional de Cordoba",2021,cc-by-nc-sa,TRUE,gold,cc-by-nc-sa
10.3389/fcimb.2021.639801,"Frontiers Media SA",2021,cc-by,TRUE,gold,cc-by
10.17645/mac.v10i1.4640,"Cogitatio",2022,cc-by,TRUE,gold,cc-by
10.47069/estudios-ambientales.v2i1.1058,"Universidad Nacional del Centro de la Provincia de Buenos Aires",2014,cc-by,TRUE,gold,cc-by
10.1016/j.envint.2020.106143,"Elsevier BV",2020,cc-by-nc-nd,TRUE,gold,cc-by-nc-nd
10.1016/j.ebiom.2016.11.031,"Elsevier BV",2017,cc-by-nc-nd,TRUE,gold,cc-by-nc-nd
10.2147/btt.s58597,"Informa UK Limited",2016,cc-by-nc,TRUE,gold,cc-by-nc
10.3390/cells10010009,"MDPI AG",2020,cc-by,TRUE,gold,cc-by
10.1049/cit2.12164,"Institution of Engineering and Technology (IET)",2023,cc-by,TRUE,gold,cc-by
10.4000/insitu.17738,"OpenEdition",2018,cc-by-nc-nd,TRUE,gold,cc-by-nc-nd
10.1371/journal.pcbi.1010602,"Public Library of Science (PLoS)",2022,cc-by,TRUE,gold,cc-by
10.1016/j.jacbts.2020.04.015,"Elsevier BV",2020,cc-by-nc-nd,TRUE,gold,cc-by-nc-nd
10.1111/eva.12735,"Wiley",2018,cc-by,TRUE,gold,cc-by
10.1051/e3sconf/202124501034,"EDP Sciences",2021,cc-by,TRUE,gold,cc-by
10.3390/act8020042,"MDPI AG",2019,cc-by,TRUE,gold,cc-by
10.1063/5.0099656,"AIP Publishing",2022,cc-by,TRUE,gold,cc-by
10.3389/fmars.2021.589489,"Frontiers Media SA",2021,cc-by,TRUE,gold,cc-by
10.1051/shsconf/20184400063,"EDP Sciences",2018,cc-by,TRUE,gold,cc-by
10.1371/journal.pone.0027329,"Public Library of Science (PLoS)",2011,cc-other,TRUE,gold,public-domain
10.22331/q-2022-01-26-633,"Verein zur Forderung des Open Access Publizierens in den Quantenwissenschaften",2022,cc-by,TRUE,gold,cc-by
10.1038/s41598-021-91223-1,"Springer Science and Business Media LLC",2021,cc-by,TRUE,gold,cc-by
10.1080/24740527.2020.1862624,"Informa UK Limited",2021,cc-by,TRUE,gold,cc-by
10.3390/math10203833,"MDPI AG",2022,cc-by,TRUE,gold,cc-by
10.1155/2011/107261,"Hindawi Limited",2011,cc-by,TRUE,hybrid,cc-by
10.1016/j.accre.2021.10.004,"Elsevier BV",2022,cc-by-nc-nd,TRUE,gold,cc-by-nc-nd
10.1038/s41524-020-00389-1,"Springer Science and Business Media LLC",2020,cc-by,TRUE,gold,cc-by
10.1111/jcmm.16540,"Wiley",2021,cc-by,TRUE,gold,cc-by
10.24905/psej.v7i2.118,"Universitas Pancasakti",2022,cc-by-nc,TRUE,gold,cc-by-nc
10.1371/journal.pone.0143181,"Public Library of Science (PLoS)",2015,cc-by,TRUE,gold,cc-by
10.1016/j.ijwd.2017.02.015,"Ovid Technologies (Wolters Kluwer Health)",2017,cc-by-nc-nd,TRUE,gold,cc-by-nc-nd
10.3390/cryst12060849,"MDPI AG",2022,cc-by,TRUE,gold,cc-by
10.1016/j.ekir.2022.01.914,"Elsevier BV",2022,cc-by-nc-nd,TRUE,gold,cc-by-nc-nd
10.7554/elife.58504,"eLife Sciences Publications  Ltd",2020,cc-by,TRUE,gold,cc-by
10.1016/j.heliyon.2021.e08059,"Elsevier BV",2021,cc-by-nc-nd,TRUE,gold,cc-by-nc-nd
10.2147/copd.s15922,"Informa UK Limited",2011,cc-by-nc,TRUE,gold,cc-by-nc
10.1186/s13031-020-0255-4,"Springer Science and Business Media LLC",2020,cc-by,TRUE,gold,cc-by
10.1016/j.aqrep.2015.12.003,"Elsevier BV",2016,cc-by-nc-nd,TRUE,gold,cc-by-nc-nd
10.1038/srep10069,"Springer Science and Business Media LLC",2015,cc-by,TRUE,gold,cc-by
10.3390/s16010088,"MDPI AG",2016,cc-by,TRUE,gold,cc-by
10.1017/jns.2020.11,"Cambridge University Press (CUP)",2020,cc-by,TRUE,gold,cc-by
10.1080/16549716.2021.1874652,"Informa UK Limited",2021,cc-by,TRUE,gold,cc-by
10.1515/dema-2013-0398,"Walter de Gruyter GmbH",2012,cc-by-nc-nd,TRUE,gold,cc-by-nc-nd
10.18359/rlbi.2781,"Universidad Militar Nueva Granada",2017,cc-by-nc-nd,TRUE,gold,cc-by-nc-nd
10.3390/separations9070162,"MDPI AG",2022,cc-by,TRUE,gold,cc-by
10.1016/j.ajoc.2022.101596,"Elsevier BV",2022,cc-by,TRUE,gold,cc-by
10.3390/land10040401,"MDPI AG",2021,cc-by,TRUE,gold,cc-by
10.1016/j.envint.2022.107339,"Elsevier BV",2022,cc-by-nc-nd,TRUE,gold,cc-by-nc-nd
10.1371/journal.pone.0204702,"Public Library of Science (PLoS)",2018,cc-other,TRUE,gold,public-domain
10.1371/journal.pone.0248472,"Public Library of Science (PLoS)",2021,cc-by,TRUE,gold,cc-by
10.1186/s12862-022-02015-8,"Springer Science and Business Media LLC",2022,cc-by,TRUE,gold,cc-by
10.1177/21925682221141874,"SAGE Publications",2022,cc-by-nc-nd,TRUE,gold,cc-by-nc-nd
10.1016/j.padiff.2021.100252,"Elsevier BV",2022,cc-by-nc-nd,TRUE,gold,cc-by-nc-nd
10.1186/s40902-016-0050-8,"Springer Science and Business Media LLC",2016,cc-by,TRUE,gold,cc-by
10.3897/rio.6.e58915,"Pensoft Publishers",2020,cc-by,TRUE,gold,cc-by
10.3989/arbor.2004.i705.542,"Editorial CSIC",2004,cc-by,TRUE,gold,cc-by
10.52476/trb.9852,"Rijksmuseum Amsterdam",2014,cc-by,TRUE,gold,cc-by
10.4000/aaa.3879,"OpenEdition",2022,cc-by-nc,TRUE,gold,cc-by-nc
10.3390/met11060893,"MDPI AG",2021,cc-by,TRUE,gold,cc-by
10.1038/s41467-022-28000-9,"Springer Science and Business Media LLC",2022,cc-by,TRUE,gold,cc-by
10.2147/prbm.s331533,"Informa UK Limited",2021,cc-by-nc,TRUE,gold,cc-by-nc
10.11606/issn.1676-6288.prolam.2016.110021,"Universidade de Sao Paulo  Agencia USP de Gestao da Informacao Academica (AGUIA)",2016,cc-by-nc,TRUE,gold,cc-by-nc
10.1038/s41467-019-12338-8,"Springer Science and Business Media LLC",2019,cc-by,TRUE,gold,cc-by
10.1051/shsconf/20207704006,"EDP Sciences",2020,cc-by,TRUE,gold,cc-by
10.3390/app9081524,"MDPI AG",2019,cc-by,TRUE,gold,cc-by
10.1109/access.2021.3060816,"Institute of Electrical and Electronics Engineers (IEEE)",2021,cc-by,TRUE,gold,cc-by
10.1111/jvim.13583,"Wiley",2015,cc-by-nc,TRUE,gold,cc-by-nc
10.1016/j.matdes.2019.108372,"Elsevier BV",2020,cc-by,TRUE,gold,cc-by
10.1063/1.4967361,"AIP Publishing",2016,cc-by,TRUE,gold,cc-by
10.22337/2077-9038-2022-4-144-151,"Publishing House ASV (Izdatelstvo ASV)",2022,cc-by-nc-sa,TRUE,gold,cc-by-nc-sa
10.1111/cts.12421,"Wiley",2016,cc-by-nc-nd,TRUE,gold,cc-by-nc-nd
10.3989/sefarad.2005.v65.i2.501,"Editorial CSIC",2005,cc-by,TRUE,gold,cc-by
10.1177/20563051231157299,"SAGE Publications",2023,cc-by-nc,TRUE,gold,cc-by-nc
10.3390/biomedicines11030844,"MDPI AG",2023,cc-by,TRUE,gold,cc-by
10.36547/nbc.v19i1.573,"University of Saints Cyril and Methodius",2020,cc-by,TRUE,gold,cc-by
10.3390/horticulturae8100923,"MDPI AG",2022,cc-by,TRUE,gold,cc-by
10.20396/rfe.v1i1.8635549,"Universidade Estadual de Campinas",2009,cc-by-nc-sa,TRUE,gold,cc-by-nc-sa
10.1186/s40854-022-00366-1,"Springer Science and Business Media LLC",2022,cc-by,TRUE,gold,cc-by
10.3389/froh.2022.1074655,"Frontiers Media SA",2022,cc-by,TRUE,gold,cc-by
10.1155/2019/7403978,"Hindawi Limited",2019,cc-by,TRUE,gold,cc-by
10.1192/j.eurpsy.2021.1138,"Royal College of Psychiatrists",2021,cc-by,TRUE,gold,cc-by
10.1371/annotation/7b3edc45-39c7-416b-a7dc-124f4846303d,"Public Library of Science (PLoS)",2013,cc-by,TRUE,gold,cc-by
10.1371/journal.pone.0018515,"Public Library of Science (PLoS)",2011,cc-by,TRUE,gold,cc-by
10.3390/rs13020318,"MDPI AG",2021,cc-by,TRUE,gold,cc-by
10.23899/relacult.v7i2.2128,"Centro Latino-Americano de Estudos em Cultura - CLAEC",2021,cc-by-nc,TRUE,gold,cc-by-nc
10.1038/s41598-020-76928-z,"Springer Science and Business Media LLC",2020,cc-by,TRUE,gold,cc-by
10.1093/ehjcr/ytz023,"Oxford University Press (OUP)",2019,cc-by-nc,TRUE,gold,cc-by-nc
10.1049/iet-esi.2019.0051,"Institution of Engineering and Technology (IET)",2020,cc-by,TRUE,gold,cc-by
10.14742/ajet.5297,"Australasian Society for Computers in Learning in Tertiary Education",2019,cc-by-nc-nd,TRUE,gold,cc-by-nc-nd
10.3389/fpls.2022.948648,"Frontiers Media SA",2022,cc-by,TRUE,gold,cc-by
10.1088/1748-9326/ac85ce,"IOP Publishing",2022,cc-by,TRUE,gold,cc-by
10.1049/sfw2.12057,"Institution of Engineering and Technology (IET)",2022,cc-by-nc-nd,TRUE,gold,cc-by-nc-nd
10.1038/s41598-021-91116-3,"Springer Science and Business Media LLC",2021,cc-by,TRUE,gold,cc-by
10.3389/fncir.2022.944895,"Frontiers Media SA",2022,cc-by,TRUE,gold,cc-by
10.1016/j.ahr.2022.100108,"Elsevier BV",2022,cc-by-nc-nd,TRUE,gold,cc-by-nc-nd
10.3390/nano13050916,"MDPI AG",2023,cc-by,TRUE,gold,cc-by
10.1099/acmi.fis2019.po0049,"Microbiology Society",2020,cc-by,TRUE,gold,cc-by
10.21728/logeion.2017v4n1.pi-ii,"Logeion Filosofia da Informacao",2017,cc-by-nc-sa,TRUE,gold,cc-by-nc-sa
10.1186/s41983-021-00289-1,"Springer Science and Business Media LLC",2021,cc-by,TRUE,gold,cc-by
10.1038/s41398-021-01640-z,"Springer Science and Business Media LLC",2021,cc-by,TRUE,gold,cc-by
10.1186/s40410-016-0032-2,"Springer Science and Business Media LLC",2016,cc-by,TRUE,gold,cc-by
10.1051/e3sconf/202017510002,"EDP Sciences",2020,cc-by,TRUE,gold,cc-by
10.1016/j.ohx.2018.e00033,"Elsevier BV",2018,cc-by-nc-nd,TRUE,gold,cc-by-nc-nd
10.3390/mi9070360,"MDPI AG",2018,cc-by,TRUE,gold,cc-by
10.17221/38/2020-cjas,"Czech Academy of Agricultural Sciences",2020,cc-by-nc,TRUE,gold,cc-by-nc
10.1186/s12943-019-1008-0,"Springer Science and Business Media LLC",2019,cc-by,TRUE,gold,cc-by
10.1593/neo.05217,"Elsevier BV",2005,cc-by-nc-nd,TRUE,gold,cc-by-nc-nd
10.1371/journal.pone.0241032,"Public Library of Science (PLoS)",2020,cc-by,TRUE,gold,cc-by
10.1371/journal.pone.0144036,"Public Library of Science (PLoS)",2015,cc-by,TRUE,gold,cc-by
10.3389/fpsyg.2018.01302,"Frontiers Media SA",2018,cc-by,TRUE,gold,cc-by
10.1038/s41598-018-23155-2,"Springer Science and Business Media LLC",2018,cc-by,TRUE,gold,cc-by
10.1016/j.ejvssr.2015.10.004,"Elsevier BV",2015,cc-by-nc-nd,TRUE,gold,cc-by-nc-nd
10.1080/10717544.2019.1701141,"Informa UK Limited",2019,cc-by,TRUE,gold,cc-by
10.21728/logeion.2019v5n2.p72-85,"Logeion Filosofia da Informacao",2019,cc-by-nc-sa,TRUE,gold,cc-by-nc-sa
10.3390/jmse10020225,"MDPI AG",2022,cc-by,TRUE,gold,cc-by
10.1111/1759-7714.12322,"Wiley",2015,cc-by-nc,TRUE,gold,cc-by-nc
10.1016/j.omtm.2021.09.006,"Elsevier BV",2021,cc-by,TRUE,gold,cc-by
10.1186/s12991-018-0222-2,"Springer Science and Business Media LLC",2018,cc-by,TRUE,gold,cc-by
10.1371/journal.pone.0089103,"Public Library of Science (PLoS)",2014,cc-by,TRUE,gold,cc-by
10.1371/journal.pone.0155926,"Public Library of Science (PLoS)",2016,cc-by,TRUE,gold,cc-by
10.1371/journal.pone.0237765,"Public Library of Science (PLoS)",2020,cc-by,TRUE,gold,cc-by
10.3389/fpsyg.2018.01757,"Frontiers Media SA",2018,cc-by,TRUE,gold,cc-by
10.1371/journal.pone.0210658,"Public Library of Science (PLoS)",2019,cc-by,TRUE,gold,cc-by
10.3390/agronomy12102369,"MDPI AG",2022,cc-by,TRUE,gold,cc-by
10.1016/j.lanwpc.2021.100293,"Elsevier BV",2022,cc-by-nc-nd,TRUE,gold,cc-by-nc-nd
10.1371/journal.pone.0079538,"Public Library of Science (PLoS)",2013,cc-by,TRUE,gold,cc-by
10.1590/s0100-83582020380100060,"FapUNIFESP (SciELO)",2020,cc-by,TRUE,gold,cc-by
10.1186/s40792-016-0152-7,"Springer Science and Business Media LLC",2016,cc-by,TRUE,gold,cc-by
10.1109/access.2019.2933863,"Institute of Electrical and Electronics Engineers (IEEE)",2019,cc-by,TRUE,gold,cc-by
10.48102/rlee.2023.53.1.531,"Universidad Iberoamericana  A. C.",2023,cc-by-nc-sa,TRUE,gold,cc-by-nc-sa
10.1038/s41598-022-18695-7,"Springer Science and Business Media LLC",2022,cc-by,TRUE,gold,cc-by
10.1186/s40854-020-0170-0,"Springer Science and Business Media LLC",2020,cc-by,TRUE,gold,cc-by
10.3389/fcimb.2021.633360,"Frontiers Media SA",2021,cc-by,TRUE,gold,cc-by
10.1186/s40359-019-0337-5,"Springer Science and Business Media LLC",2019,cc-by,TRUE,gold,cc-by
10.1155/2012/146987,"Hindawi Limited",2012,cc-by,TRUE,gold,cc-by
10.1051/matecconf/201821702005,"EDP Sciences",2018,cc-by,TRUE,gold,cc-by
10.3390/pathogens11080932,"MDPI AG",2022,cc-by,TRUE,gold,cc-by
10.3390/plants10071356,"MDPI AG",2021,cc-by,TRUE,gold,cc-by
10.3389/fmats.2022.1100036,"Frontiers Media SA",2023,cc-by,TRUE,gold,cc-by
10.1155/2022/7188118,"Hindawi Limited",2022,cc-by,TRUE,gold,cc-by
10.3390/md11061800,"MDPI AG",2013,cc-by,TRUE,gold,cc-by
10.1093/ofid/ofaa540,"Oxford University Press (OUP)",2020,cc-by-nc-nd,TRUE,gold,cc-by-nc-nd
10.1371/journal.pone.0275798,"Public Library of Science (PLoS)",2022,cc-by,TRUE,gold,cc-by
10.3390/rs13112154,"MDPI AG",2021,cc-by,TRUE,gold,cc-by
10.3389/fendo.2018.00563,"Frontiers Media SA",2018,cc-by,TRUE,gold,cc-by
10.1038/s41598-022-24409-w,"Springer Science and Business Media LLC",2022,cc-by,TRUE,gold,cc-by
10.3389/fendo.2018.00334,"Frontiers Media SA",2018,cc-by,TRUE,gold,cc-by
10.3390/rs13071251,"MDPI AG",2021,cc-by,TRUE,gold,cc-by
10.1063/1.5042816,"AIP Publishing",2018,cc-by,TRUE,gold,cc-by
10.1017/fms.2017.2,"Cambridge University Press (CUP)",2017,cc-by,TRUE,gold,cc-by
10.1016/j.fshw.2022.07.001,"Elsevier BV",2022,cc-by-nc-nd,TRUE,gold,cc-by-nc-nd
10.23974/ijol.2023.vol8.1.301,"International Journal of Librarianship",2023,cc-by,TRUE,gold,cc-by
10.1186/s12986-019-0353-8,"Springer Science and Business Media LLC",2019,cc-by,TRUE,gold,cc-by
10.1051/matecconf/201814701002,"EDP Sciences",2018,cc-by,TRUE,gold,cc-by
10.14202/ijoh.2022.1-7,"Veterinary World",2022,cc-by,TRUE,gold,cc-by
10.2147/cia.s78485,"Informa UK Limited",2015,cc-by-nc,TRUE,gold,cc-by-nc
10.1007/s13201-015-0319-6,"Springer Science and Business Media LLC",2015,cc-by,TRUE,gold,cc-by
10.1093/nsr/nwac275,"Oxford University Press (OUP)",2022,cc-by,TRUE,gold,cc-by
10.2166/nh.2021.082,"IWA Publishing",2021,cc-by-nc-nd,TRUE,gold,cc-by-nc-nd
10.25100/poligramas.v0i45.6304,"Universidad del Valle",2018,cc-by-nc,TRUE,gold,cc-by-nc
10.1186/s13063-021-05019-9,"Springer Science and Business Media LLC",2021,cc-by,TRUE,gold,cc-by
10.1186/1749-8104-7-29,"Springer Science and Business Media LLC",2012,cc-by,TRUE,gold,cc-by
10.7710/2162-3309.2259,"Iowa State University",2019,cc-by,TRUE,gold,cc-by
10.1186/s12906-018-2118-8,"Springer Science and Business Media LLC",2018,cc-by,TRUE,gold,cc-by
10.1186/s12912-021-00764-3,"Springer Science and Business Media LLC",2021,cc-by,TRUE,gold,cc-by
10.1080/2331186x.2022.2084956,"Informa UK Limited",2022,cc-by,TRUE,gold,cc-by
10.1038/s41408-022-00715-4,"Springer Science and Business Media LLC",2022,cc-by,TRUE,gold,cc-by
10.1038/cddis.2015.418,"Springer Science and Business Media LLC",2016,cc-by,TRUE,gold,cc-by
10.3389/fphar.2019.00925,"Frontiers Media SA",2019,cc-by,TRUE,gold,cc-by
10.1186/s13058-022-01585-1,"Springer Science and Business Media LLC",2022,cc-by,TRUE,gold,cc-by
10.5194/se-10-517-2019,"Copernicus GmbH",2019,cc-by,TRUE,gold,cc-by
10.3389/fendo.2023.1135726,"Frontiers Media SA",2023,cc-by,TRUE,gold,cc-by
10.3389/fpubh.2022.793648,"Frontiers Media SA",2022,cc-by,TRUE,gold,cc-by
10.3390/foods9050672,"MDPI AG",2020,cc-by,TRUE,gold,cc-by
10.3390/app112110481,"MDPI AG",2021,cc-by,TRUE,gold,cc-by
10.1038/s41427-020-0212-0,"Springer Science and Business Media LLC",2020,cc-by,TRUE,gold,cc-by
10.3389/fphy.2020.612163,"Frontiers Media SA",2021,cc-by,TRUE,gold,cc-by
10.3390/app13042417,"MDPI AG",2023,cc-by,TRUE,gold,cc-by
10.1002/brb3.2713,"Wiley",2022,cc-by,TRUE,gold,cc-by
10.3390/math9202621,"MDPI AG",2021,cc-by,TRUE,gold,cc-by
10.1038/s41419-020-03320-0,"Springer Science and Business Media LLC",2021,cc-by,TRUE,gold,cc-by
10.3389/fcomm.2023.1060567,"Frontiers Media SA",2023,cc-by,TRUE,gold,cc-by
10.1016/j.ssmmh.2022.100135,"Elsevier BV",2022,cc-by-nc-nd,TRUE,gold,cc-by-nc-nd
10.1371/journal.pone.0250007,"Public Library of Science (PLoS)",2021,cc-by,TRUE,gold,cc-by
10.23926/rpd.2021.v6.n1.e011.id964,"Revista Pratica Docente",2021,cc-by-nc,TRUE,gold,cc-by-nc
10.3390/insects5040722,"MDPI AG",2014,cc-by,TRUE,gold,cc-by
10.1155/2015/843024,"Hindawi Limited",2015,cc-by,TRUE,gold,cc-by
10.1002/eom2.12218,"Wiley",2022,cc-by,TRUE,gold,cc-by
10.1371/journal.pone.0245780,"Public Library of Science (PLoS)",2021,cc-by,TRUE,gold,cc-by
10.1186/s12939-020-01296-z,"Springer Science and Business Media LLC",2020,cc-by,TRUE,gold,cc-by
10.1016/j.gdata.2015.02.003,"Elsevier BV",2015,cc-by,TRUE,gold,cc-by
10.1371/journal.pone.0188310,"Public Library of Science (PLoS)",2017,cc-by,TRUE,gold,cc-by
10.5194/angeo-29-197-2011,"Copernicus GmbH",2011,cc-by,TRUE,gold,cc-by
10.5937/analipfb1804084s,"University of Belgrade Faculty of Law (Publications)",2018,cc-by,TRUE,gold,cc-by
10.3390/s16070959,"MDPI AG",2016,cc-by,TRUE,gold,cc-by
10.3390/aerospace5010030,"MDPI AG",2018,cc-by,TRUE,gold,cc-by
10.1371/journal.pone.0164381,"Public Library of Science (PLoS)",2016,cc-by,TRUE,gold,cc-by
10.1186/s12893-020-00866-w,"Springer Science and Business Media LLC",2020,cc-by,TRUE,gold,cc-by
10.1016/s2666-1683(20)33091-3,"Elsevier BV",2020,cc-by-nc-nd,TRUE,gold,cc-by-nc-nd
10.1371/journal.pone.0020291,"Public Library of Science (PLoS)",2011,cc-by,TRUE,gold,cc-by
10.1186/s40478-022-01419-3,"Springer Science and Business Media LLC",2022,cc-by,TRUE,gold,cc-by
10.23889/ijpds.v3i2.567,"Swansea University",2018,cc-by-nc-nd,TRUE,gold,cc-by-nc-nd
10.29303/jbl.v4i2.680,"Universitas Mataram",2021,cc-by,TRUE,gold,cc-by
10.1038/s41598-018-30367-z,"Springer Science and Business Media LLC",2018,cc-by,TRUE,gold,cc-by
10.3390/fib9070046,"MDPI AG",2021,cc-by,TRUE,gold,cc-by
10.1371/journal.pone.0190810,"Public Library of Science (PLoS)",2018,cc-by,TRUE,gold,cc-by
10.1371/journal.pone.0031536,"Public Library of Science (PLoS)",2012,cc-by,TRUE,gold,cc-by
10.1038/s41598-019-45868-8,"Springer Science and Business Media LLC",2019,cc-by,TRUE,gold,cc-by
10.1371/journal.pone.0031688,"Public Library of Science (PLoS)",2012,cc-by,TRUE,gold,cc-by
10.3390/polysaccharides2040045,"MDPI AG",2021,cc-by,TRUE,gold,cc-by
10.1002/ccr3.3441,"Wiley",2020,cc-by,TRUE,gold,cc-by
10.1093/aobpla/plaa070,"Oxford University Press (OUP)",2020,cc-by,TRUE,gold,cc-by
10.1002/cam4.2930,"Wiley",2020,cc-by,TRUE,gold,cc-by
10.1049/ell2.12676,"Institution of Engineering and Technology (IET)",2022,cc-by,TRUE,gold,cc-by
10.21283/2376905x.7.101,"E-JournALL",2017,cc-by,TRUE,gold,cc-by
10.3390/s22187011,"MDPI AG",2022,cc-by,TRUE,gold,cc-by
10.2147/dddt.s212028,"Informa UK Limited",2019,cc-by-nc,TRUE,gold,cc-by-nc
10.1371/journal.pone.0015793,"Public Library of Science (PLoS)",2010,cc-other,TRUE,gold,public-domain
10.3389/fmolb.2020.00109,"Frontiers Media SA",2020,cc-by,TRUE,gold,cc-by
10.3390/molecules26195886,"MDPI AG",2021,cc-by,TRUE,gold,cc-by
10.1038/srep18573,"Springer Science and Business Media LLC",2016,cc-by,TRUE,gold,cc-by
10.22600/1518-8795.ienci2021v26n2p127,"Investigacoes em Ensino de Ciencias (IENCI)",2021,cc-by-nc,TRUE,gold,cc-by-nc
10.24310/claridadescrf.v7i0.3858,"Malaga University",2017,cc-by-nc-nd,TRUE,gold,cc-by-nc-nd
10.1038/s41598-020-78771-8,"Springer Science and Business Media LLC",2020,cc-by,TRUE,gold,cc-by
10.5194/aab-65-249-2022,"Copernicus GmbH",2022,cc-by,TRUE,gold,cc-by
10.1002/ams2.502,"Wiley",2020,cc-by-nc-nd,TRUE,gold,cc-by-nc-nd
10.15173/ijsap.v2i1.3207,"McMaster University Library",2018,cc-by,TRUE,gold,cc-by
10.32997/2463-0470-vol.26-num.1-2018-2231,"Universidad de Cartagena",2018,cc-by-nc-nd,TRUE,gold,cc-by-nc-sa
10.1080/23288604.2020.1752063,"Informa UK Limited",2020,cc-by,TRUE,gold,cc-by
10.3390/nano12152611,"MDPI AG",2022,cc-by,TRUE,gold,cc-by
10.19130/iifl.ap.2019.2.857,"Instituto de Investigaciones Filologicas",2019,cc-by-nc,TRUE,gold,cc-by-nc
10.1590/1806-93042019000100012,"FapUNIFESP (SciELO)",2019,cc-by,TRUE,gold,cc-by
10.1371/journal.pone.0147759,"Public Library of Science (PLoS)",2016,cc-by,TRUE,gold,cc-by
10.1063/1.5113857,"AIP Publishing",2019,cc-by,TRUE,gold,cc-by
10.3354/esr01194,"Inter-Research Science Center",2022,cc-by,TRUE,gold,cc-by
10.15388/baltistica.12.2.1113,"Vilnius University Press",2011,cc-by,TRUE,gold,cc-by-nc
10.1109/access.2019.2941775,"Institute of Electrical and Electronics Engineers (IEEE)",2019,cc-by,TRUE,gold,cc-by
10.3389/fcvm.2020.582865,"Frontiers Media SA",2020,cc-by,TRUE,gold,cc-by
10.3390/soilsystems6010007,"MDPI AG",2022,cc-by,TRUE,gold,cc-by
10.2478/jce-2021-0010,"Walter de Gruyter GmbH",2021,cc-by-nc-nd,TRUE,gold,cc-by-nc-nd
10.1155/2021/9979032,"Hindawi Limited",2021,cc-by,TRUE,gold,cc-by
10.3390/s17091961,"MDPI AG",2017,cc-by,TRUE,gold,cc-by
10.1186/s12909-022-03756-2,"Springer Science and Business Media LLC",2022,cc-by,TRUE,gold,cc-by
10.1371/journal.pone.0084070,"Public Library of Science (PLoS)",2013,cc-by,TRUE,gold,cc-by
10.1186/s13765-020-00584-0,"Springer Science and Business Media LLC",2021,cc-by,TRUE,gold,cc-by
10.2147/dmso.s309725,"Informa UK Limited",2021,cc-by-nc,TRUE,gold,cc-by-nc
10.36517/rcs.50.3.d10,"Portal de Periodicos da UFC",2019,cc-by,TRUE,gold,cc-by
10.1111/jvim.15244,"Wiley",2018,cc-by-nc,TRUE,gold,cc-by-nc
10.1002/cam4.3787,"Wiley",2021,cc-by,TRUE,gold,cc-by
10.4081/pmc.2023.310,"PAGEPress Publications",2023,cc-by-nc,TRUE,gold,cc-by-nc
10.1155/2013/307136,"Hindawi Limited",2013,cc-by,TRUE,gold,cc-by
10.1039/d0ra01266a,"Royal Society of Chemistry (RSC)",2020,cc-by-nc,TRUE,gold,cc-by-nc
10.1371/image.pbio.v04.i10,"Public Library of Science (PLoS)",2006,cc-by,TRUE,gold,cc-by
10.1016/j.curtheres.2020.100622,"Elsevier BV",2021,cc-by-nc-nd,TRUE,gold,cc-by-nc-nd
10.1038/s41598-021-02165-7,"Springer Science and Business Media LLC",2021,cc-by,TRUE,gold,cc-by
10.1016/j.bas.2022.101144,"Elsevier BV",2022,cc-by-nc-nd,TRUE,gold,cc-by-nc-nd
10.1016/j.dib.2020.105925,"Elsevier BV",2020,cc-by,TRUE,gold,cc-by
10.1103/physrevresearch.2.023236,"American Physical Society (APS)",2020,cc-by,TRUE,gold,cc-by
10.1016/j.adoms.2021.100238,"Elsevier BV",2022,cc-by-nc-nd,TRUE,gold,cc-by-nc-nd
10.3390/diagnostics12102433,"MDPI AG",2022,cc-by,TRUE,gold,cc-by
10.5194/isprsarchives-xl-1-w3-337-2013,"Copernicus GmbH",2013,cc-by,TRUE,gold,cc-by
10.1155/2013/386094,"Hindawi Limited",2013,cc-by,TRUE,gold,cc-by
10.1051/e3sconf/202127501018,"EDP Sciences",2021,cc-by,TRUE,gold,cc-by
10.3389/fpubh.2022.998549,"Frontiers Media SA",2022,cc-by,TRUE,gold,cc-by
10.1186/s12913-022-08121-z,"Springer Science and Business Media LLC",2022,cc-by,TRUE,gold,cc-by
10.1038/s41598-017-15481-8,"Springer Science and Business Media LLC",2017,cc-by,TRUE,gold,cc-by
10.3389/fpubh.2021.596938,"Frontiers Media SA",2021,cc-by,TRUE,gold,cc-by
10.1590/2177-9465-ean-2021-0487en,"FapUNIFESP (SciELO)",2022,cc-by,TRUE,gold,cc-by
10.1371/journal.ppat.1009242,"Public Library of Science (PLoS)",2021,cc-by,TRUE,gold,cc-by
10.1371/journal.pone.0106872,"Public Library of Science (PLoS)",2014,cc-by,TRUE,gold,cc-by
10.1371/journal.pone.0057260,"Public Library of Science (PLoS)",2013,cc-by,TRUE,gold,cc-by
10.1371/journal.pone.0054911,"Public Library of Science (PLoS)",2013,cc-by,TRUE,gold,cc-by
10.1371/journal.pone.0116699,"Public Library of Science (PLoS)",2015,cc-by,TRUE,gold,cc-by
10.1016/j.dib.2018.03.107,"Elsevier BV",2018,cc-by,TRUE,gold,cc-by
10.3390/molecules26113158,"MDPI AG",2021,cc-by,TRUE,gold,cc-by
10.1371/journal.pone.0017536,"Public Library of Science (PLoS)",2011,cc-by,TRUE,gold,cc-by
10.1126/sciadv.abc1968,"American Association for the Advancement of Science (AAAS)",2020,cc-by-nc,TRUE,gold,cc-by-nc
10.1080/1828051x.2022.2063766,"Informa UK Limited",2022,cc-by-nc,TRUE,gold,cc-by-nc
10.1109/access.2021.3100855,"Institute of Electrical and Electronics Engineers (IEEE)",2021,cc-by,TRUE,gold,cc-by
10.22207/jpam.17.1.03,"Journal of Pure and Applied Microbiology",2023,cc-by,TRUE,gold,cc-by
10.1186/s12874-022-01799-z,"Springer Science and Business Media LLC",2022,cc-by,TRUE,gold,cc-by
10.1039/d0ra05471b,"Royal Society of Chemistry (RSC)",2020,cc-by-nc,TRUE,gold,cc-by-nc
10.3389/fgene.2022.864578,"Frontiers Media SA",2022,cc-by,TRUE,gold,cc-by
10.4000/tvseries.1580,"OpenEdition",2012,cc-by-nc-nd,TRUE,gold,cc-by-nc-nd
10.1051/epjconf/202023700001,"EDP Sciences",2020,cc-by,TRUE,gold,cc-by
10.7554/elife.18249,"eLife Sciences Publications  Ltd",2016,cc-by,TRUE,gold,cc-by
10.3390/molecules22122216,"MDPI AG",2017,cc-by,TRUE,gold,cc-by
10.3390/microorganisms10040713,"MDPI AG",2022,cc-by,TRUE,gold,cc-by
10.1186/s12969-022-00742-2,"Springer Science and Business Media LLC",2022,cc-by,TRUE,gold,cc-by
10.1038/s41598-020-68299-2,"Springer Science and Business Media LLC",2020,cc-by,TRUE,gold,cc-by
10.1155/2012/654627,"Hindawi Limited",2012,cc-by,TRUE,gold,cc-by
10.3390/encyclopedia2030107,"MDPI AG",2022,cc-by,TRUE,gold,cc-by-nc
10.1371/journal.pntd.0001949,"Public Library of Science (PLoS)",2012,cc-by,TRUE,gold,cc-by
10.3389/fimmu.2022.1082055,"Frontiers Media SA",2022,cc-by,TRUE,gold,cc-by
10.1371/journal.pone.0064851,"Public Library of Science (PLoS)",2013,cc-by,TRUE,gold,cc-by
10.1371/journal.pbio.1000495,"Public Library of Science (PLoS)",2010,cc-by,TRUE,gold,cc-by
10.1109/jphot.2013.2293618,"Institute of Electrical and Electronics Engineers (IEEE)",2014,cc-by,TRUE,gold,cc-by
10.33871/nupem.v3i5.83,"Universidade Estadual do Parana - Unespar",2017,cc-by,TRUE,gold,cc-by
10.1016/s1413-8670(11)70237-9,"Elsevier BV",2011,cc-by-nc-nd,TRUE,gold,cc-by-nc-nd
10.1186/s13717-020-00243-8,"Springer Science and Business Media LLC",2020,cc-by,TRUE,gold,cc-by
10.3389/fmicb.2020.01662,"Frontiers Media SA",2020,cc-by,TRUE,gold,cc-by
10.1371/journal.pone.0182151,"Public Library of Science (PLoS)",2017,cc-by,TRUE,gold,cc-by
10.1038/tp.2016.122,"Springer Science and Business Media LLC",2016,cc-by,TRUE,gold,cc-by
10.1186/s12887-020-02095-9,"Springer Science and Business Media LLC",2020,cc-by,TRUE,gold,cc-by
10.1038/s41467-021-26517-z,"Springer Science and Business Media LLC",2021,cc-by,TRUE,gold,cc-by
10.2147/cmar.s213237,"Informa UK Limited",2019,cc-by-nc,TRUE,gold,cc-by-nc
10.3390/medicines8010004,"MDPI AG",2021,cc-by,TRUE,gold,cc-by
10.1109/access.2021.3054799,"Institute of Electrical and Electronics Engineers (IEEE)",2021,cc-by,TRUE,gold,cc-by
10.1155/2016/8682494,"Hindawi Limited",2016,cc-by,TRUE,gold,cc-by
10.1080/02656736.2022.2146213,"Informa UK Limited",2022,cc-by,TRUE,gold,cc-by
10.1038/s41598-017-05392-z,"Springer Science and Business Media LLC",2017,cc-by,TRUE,gold,cc-by
10.5194/amt-7-599-2014,"Copernicus GmbH",2014,cc-by,TRUE,gold,cc-by
10.7554/elife.15133,"eLife Sciences Publications  Ltd",2016,cc-by,TRUE,gold,cc-by
10.3390/molecules26164882,"MDPI AG",2021,cc-by,TRUE,gold,cc-by
10.2458/v27i1.23862,"University of Arizona",2020,cc-by,TRUE,gold,cc-by
10.18332/tid/140848,"E.U. European Publishing",2021,cc-by,TRUE,gold,cc-by
10.1002/psp4.12201,"Wiley",2017,cc-by-nc,TRUE,gold,cc-by-nc
10.7554/elife.62865,"eLife Sciences Publications  Ltd",2021,cc-by,TRUE,gold,cc-by
10.3389/fnut.2023.1046998,"Frontiers Media SA",2023,cc-by,TRUE,gold,cc-by
10.3989/mc.2012.58010,"Editorial CSIC",2012,cc-by,TRUE,gold,cc-by
10.3126/jpn.v10i2.29827,"Nepal Journals Online (JOL)",2020,cc-by,TRUE,gold,cc-by
10.1109/access.2022.3167479,"Institute of Electrical and Electronics Engineers (IEEE)",2022,cc-by,TRUE,gold,cc-by
10.1136/jitc-2020-002127,"BMJ",2021,cc-by-nc,TRUE,gold,cc-by-nc
10.1515/labmed-2021-0076,"Walter de Gruyter GmbH",2021,cc-by,TRUE,gold,cc-by
10.3390/d14030220,"MDPI AG",2022,cc-by,TRUE,gold,cc-by
10.2147/ndt.s260512,"Informa UK Limited",2020,cc-by-nc,TRUE,gold,cc-by-nc
10.1109/access.2020.3033312,"Institute of Electrical and Electronics Engineers (IEEE)",2020,cc-by,TRUE,gold,cc-by
10.3389/fimmu.2021.788368,"Frontiers Media SA",2021,cc-by,TRUE,gold,cc-by
10.1371/journal.pone.0165703,"Public Library of Science (PLoS)",2016,cc-by,TRUE,gold,cc-by
10.1049/rpg2.12133,"Institution of Engineering and Technology (IET)",2021,cc-by,TRUE,gold,cc-by
10.3989/ris.2018.76.2.17.47,"Editorial CSIC",2018,cc-by,TRUE,gold,cc-by
10.1038/s41398-019-0661-9,"Springer Science and Business Media LLC",2019,cc-by,TRUE,gold,cc-by
10.3389/fninf.2022.771730,"Frontiers Media SA",2022,cc-by,TRUE,gold,cc-by
10.2147/cmar.s364751,"Informa UK Limited",2022,cc-by-nc,TRUE,gold,cc-by-nc
10.3390/drones6110367,"MDPI AG",2022,cc-by,TRUE,gold,cc-by
10.1016/j.ebiom.2021.103413,"Elsevier BV",2021,cc-by-nc-nd,TRUE,gold,cc-by-nc-nd
10.3390/jcdd9120410,"MDPI AG",2022,cc-by,TRUE,gold,cc-by
10.24164/pw.v3i1.4,"National Research and Innovation Agency",2014,cc-by-nc-nd,TRUE,gold,cc-by-nc-sa
10.1371/journal.pone.0003137,"Public Library of Science (PLoS)",2008,cc-by,TRUE,gold,cc-by
10.3390/jof8030302,"MDPI AG",2022,cc-by,TRUE,gold,cc-by
10.1016/j.ijans.2017.06.002,"Elsevier BV",2017,cc-by-nc-nd,TRUE,gold,cc-by-nc-nd
10.3389/fnagi.2022.870844,"Frontiers Media SA",2022,cc-by,TRUE,gold,cc-by
10.1186/s13054-015-1073-8,"Springer Science and Business Media LLC",2015,cc-by,TRUE,gold,cc-by
10.3390/s17122755,"MDPI AG",2017,cc-by,TRUE,gold,cc-by
10.3989/arbor.2007.i727.136,"Editorial CSIC",2007,cc-by,TRUE,gold,cc-by
10.22198/rys.2016.67.a198,"Region y Sociedad  Revista de el Colegio de Sonora",2016,cc-by-nc,TRUE,gold,cc-by-nc
10.3390/molecules24101858,"MDPI AG",2019,cc-by,TRUE,gold,cc-by
10.1016/s2214-109x(15)70089-6,"Elsevier BV",2015,cc-by-nc-nd,TRUE,gold,cc-by-nc-nd
10.3389/fpls.2022.1037633,"Frontiers Media SA",2022,cc-by,TRUE,gold,cc-by
10.1371/journal.pone.0016661,"Public Library of Science (PLoS)",2011,cc-by,TRUE,gold,cc-by
10.3389/fcomm.2019.00038,"Frontiers Media SA",2019,cc-by,TRUE,gold,cc-by
10.1371/journal.pone.0137120,"Public Library of Science (PLoS)",2015,cc-by,TRUE,gold,cc-by
10.1371/journal.pone.0060274,"Public Library of Science (PLoS)",2013,cc-by,TRUE,gold,cc-by
10.1016/j.jgar.2020.05.010,"Elsevier BV",2020,cc-by-nc-nd,TRUE,gold,cc-by-nc-nd
10.1093/cdn/nzac067.055,"Elsevier BV",2022,cc-by-nc-nd,TRUE,gold,cc-by-nc
10.1093/ofid/ofab466.476,"Oxford University Press (OUP)",2021,cc-by,TRUE,gold,cc-by
10.1016/j.jmrt.2022.04.143,"Elsevier BV",2022,cc-by-nc-nd,TRUE,gold,cc-by-nc-nd
10.3390/biom10020262,"MDPI AG",2020,cc-by,TRUE,gold,cc-by
10.3390/s22030977,"MDPI AG",2022,cc-by,TRUE,gold,cc-by
10.1017/s0030605322000163,"Cambridge University Press (CUP)",2022,cc-by,TRUE,gold,cc-by
10.1136/bmjopen-2021-052239,"BMJ",2022,cc-by-nc,TRUE,gold,cc-by-nc
10.1111/jcmm.16495,"Wiley",2021,cc-by,TRUE,gold,cc-by
10.24215/23468971e086,"Universidad Nacional de La Plata",2019,cc-by-nc-sa,TRUE,gold,cc-by-nc-sa
10.1371/journal.pone.0219658,"Public Library of Science (PLoS)",2019,cc-by,TRUE,gold,cc-by
10.3390/languages7020081,"MDPI AG",2022,cc-by,TRUE,gold,cc-by
10.1590/1806-9304202200040010,"FapUNIFESP (SciELO)",2022,cc-by,TRUE,gold,cc-by
10.1371/journal.pone.0057067,"Public Library of Science (PLoS)",2013,cc-by,TRUE,gold,cc-by
10.1016/j.jgar.2022.09.002,"Elsevier BV",2022,cc-by-nc-nd,TRUE,gold,cc-by-nc-nd
10.14309/ctg.0000000000000491,"Ovid Technologies (Wolters Kluwer Health)",2022,cc-by-nc-nd,TRUE,gold,cc-by-nc-nd
10.1093/geroni/igz038.598,"Oxford University Press (OUP)",2019,cc-by,TRUE,gold,cc-by
10.3390/geosciences10100381,"MDPI AG",2020,cc-by,TRUE,gold,cc-by
10.5334/jbsr.1654,"Ubiquity Press  Ltd.",2020,cc-by,TRUE,gold,cc-by
10.4995/vlc.2021.14256,"Universitat Politecnica de Valencia",2021,cc-by-nc,TRUE,gold,cc-by-nc
10.1038/s41598-018-20449-3,"Springer Science and Business Media LLC",2018,cc-by,TRUE,gold,cc-by
10.3390/en12193695,"MDPI AG",2019,cc-by,TRUE,gold,cc-by
10.3390/brainsci12070871,"MDPI AG",2022,cc-by,TRUE,gold,cc-by
10.1051/matecconf/202235901015,"EDP Sciences",2022,cc-by,TRUE,gold,cc-by
10.1177/2325967120959303,"SAGE Publications",2020,cc-by-nc-nd,TRUE,gold,cc-by-nc-nd
10.1016/j.jpedp.2016.05.003,"Elsevier BV",2016,cc-by-nc-nd,TRUE,gold,cc-by-nc-nd
10.1093/narcan/zcaa034,"Oxford University Press (OUP)",2020,cc-by-nc,TRUE,gold,cc-by-nc
10.1016/j.redox.2022.102435,"Elsevier BV",2022,cc-by-nc-nd,TRUE,gold,cc-by-nc-nd
10.1002/1878-0261.13391,"Wiley",2023,cc-by,TRUE,gold,cc-by
10.3389/fcvm.2022.839090,"Frontiers Media SA",2022,cc-by,TRUE,gold,cc-by
10.1186/s12883-020-01915-w,"Springer Science and Business Media LLC",2020,cc-by,TRUE,gold,cc-by
10.1109/ojcoms.2020.3048954,"Institute of Electrical and Electronics Engineers (IEEE)",2021,cc-by,TRUE,gold,cc-by
10.1021/acsomega.1c03762,"American Chemical Society (ACS)",2021,cc-by-nc-nd,TRUE,gold,cc-by-nc-nd
10.1038/srep34544,"Springer Science and Business Media LLC",2016,cc-by,TRUE,gold,cc-by
10.14393/rcg238759327,"EDUFU - Editora da Universidade Federal de Uberlandia",2022,cc-by-nc-nd,TRUE,gold,cc-by-nc-nd
10.17648/diversitas-journal-v5i4-886,"Universidade Estadual de Alagoas",2020,cc-by-nc,TRUE,gold,cc-by
10.18359/prole.3434,"Universidad Militar Nueva Granada",2020,cc-by-nc-nd,TRUE,gold,cc-by-nc-nd
10.3390/insects12040324,"MDPI AG",2021,cc-by,TRUE,gold,cc-by
10.3390/fractalfract5020035,"MDPI AG",2021,cc-by,TRUE,gold,cc-by
10.1051/shsconf/202111600028,"EDP Sciences",2021,cc-by,TRUE,gold,cc-by
10.33393/gcnd.2020.1101,"Aboutscience Srl",2020,cc-by-nc,TRUE,gold,cc-by-nc
10.1155/2010/531284,"Hindawi Limited",2010,cc-by,TRUE,gold,cc-by
10.3390/s21216987,"MDPI AG",2021,cc-by,TRUE,gold,cc-by
10.3389/fimmu.2021.650522,"Frontiers Media SA",2021,cc-by,TRUE,gold,cc-by
10.1186/s12910-016-0132-2,"Springer Science and Business Media LLC",2016,cc-by,TRUE,gold,cc-by
10.1051/meca/2019069,"EDP Sciences",2019,cc-by,TRUE,gold,cc-by
10.3390/md15060181,"MDPI AG",2017,cc-by,TRUE,gold,cc-by
10.1186/cc10949,"Springer Science and Business Media LLC",2012,cc-by,TRUE,gold,cc-by
10.1016/j.aqrep.2022.101033,"Elsevier BV",2022,cc-by,TRUE,gold,cc-by
10.1002/open.202100163,"Wiley",2021,cc-by,TRUE,gold,cc-by
10.1186/s40494-021-00607-z,"Springer Science and Business Media LLC",2021,cc-by,TRUE,gold,cc-by
10.1016/j.matdes.2022.111329,"Elsevier BV",2022,cc-by-nc-nd,TRUE,gold,cc-by-nc-nd
10.1111/ecog.05111,"Wiley",2021,cc-by,TRUE,gold,cc-by
10.1016/j.pacs.2016.02.001,"Elsevier BV",2016,cc-by-nc-nd,TRUE,gold,cc-by-nc-nd
10.24164/pw.v5i1.75.1-11,"National Research and Innovation Agency",2016,cc-by-nc-nd,TRUE,gold,cc-by-nc-sa
