doi,publisher,journal,pub_year,unpaywall_oa,oa_status,license,host
10.1186/1753-6561-2-s1-s6,"Springer Science and Business Media LLC","BMC Proceedings",2008,TRUE,gold,cc-by,publisher
10.1186/s12645-014-0003-9,"Springer Science and Business Media LLC","Cancer Nanotechnology",2014,TRUE,gold,cc-by,publisher
10.34019/1981-2140.2017.17471,"Universidade Federal de Juiz de Fora","CSOnline - REVISTA ELETRÔNICA DE CIÊNCIAS SOCIAIS",2018,TRUE,gold,cc-by,publisher
10.7784/rbtur.v2i1.95,"ANPTUR - Associacao Nacional de Pesquisa e Pos Graducao em Turismo","Revista Brasileira de Pesquisa em Turismo",2008,TRUE,gold,cc-by,publisher
10.2991/ijcis.11.1.36,"Springer Science and Business Media LLC","International Journal of Computational Intelligence Systems",2018,TRUE,gold,cc-by-nc,publisher
10.4103/apc.apc_281_20,"Medknow","Annals of Pediatric Cardiology",2021,TRUE,gold,cc-by-nc-sa,publisher
10.4267/2042/9213,"Society for Sedimentary Geology","Carnets de géologie (Notebooks on geology)",2007,TRUE,gold,cc-by-nc-sa,publisher
10.14393/196825,"EDUFU - Editora da Universidade Federal de Uberlandia","Caminhos de Geografia",2018,TRUE,gold,cc-by-nc-nd,publisher
10.14412/1995-4484-2015-162-168,"Mediar Press","Rheumatology Science and Practice",2015,TRUE,gold,cc-by,publisher
10.1186/1741-7007-7-41,"Springer Science and Business Media LLC","BMC Biology",2009,TRUE,gold,cc-by,publisher
10.12816/0003166,"Sultan Qaboos University Medical Journal","Sultan Qaboos University Medical Journal",2012,TRUE,gold,cc-by,publisher
10.14201/rlop.25863,"Ediciones Universidad de Salamanca","Revista Latinoamericana de Opinión Pública",2021,TRUE,gold,cc-by-nc-nd,publisher
10.18471/rbe.v33.31963,"Revista Baiana de Enfermagem","Revista Baiana de Enfermagem‏",2019,TRUE,gold,cc-by-nc,publisher
10.14744/etd.2020.43799,"Kare Publishing","Erciyes Medical Journal",2021,TRUE,gold,cc-by-nc,publisher
10.3998/ark.5550190.p008.208,"ARKAT USA  Inc.","Arkivoc",2013,TRUE,gold,cc-by,publisher
10.3389/conf.fnhum.2015.217.00323,"Frontiers Media SA","Frontiers in Human Neuroscience",2015,TRUE,gold,cc-by,publisher
10.1186/s12348-019-0172-0,"Springer Science and Business Media LLC","Journal of Ophthalmic Inflammation and Infection",2019,TRUE,gold,cc-by,publisher
10.1590/s0104-59702017000500012,"FapUNIFESP (SciELO)","História  Ciências  Saúde-Manguinhos",2017,TRUE,gold,cc-by,publisher
10.17747/2618-947x-2020-2-150-159,"Real Economy Publishing","Strategic decisions and risk management",2020,TRUE,gold,cc-by,publisher
10.33899/regs.2021.168467,"University of Mosul","مجلة دراسات إقلیمیة",2021,TRUE,gold,cc-by,publisher
10.1097/md.0000000000004313,"Ovid Technologies (Wolters Kluwer Health)","Medicine",2016,TRUE,gold,cc-by,publisher
10.21285/1814-3520-2021-1-108-121,"Irkutsk National Research Technical University","Proceedings of Irkutsk State Technical University",2021,TRUE,gold,cc-by,publisher
10.31648/sw.2725,"Uniwersytet Warminsko-Mazurski","Studia Warmińskie",2019,TRUE,gold,cc-by-nc-nd,publisher
10.15382/sturii201881.105-117,"St. Tikhon's Orthodox University","St. Tikhon's University Review",2018,TRUE,gold,cc-by-nc,publisher
10.29252/ijrm.15.10.2,"Knowledge E","International Journal of Reproductive BioMedicine",2017,TRUE,gold,cc-by,publisher
10.31557/apjcp.2022.23.6.2145,"EpiSmart Science Vector Ltd","Asian Pacific Journal of Cancer Prevention",2022,TRUE,gold,cc-by,publisher
10.20960/nh.04003,"ARAN Ediciones","Nutrición Hospitalaria",2022,TRUE,gold,cc-by-nc-sa,publisher
10.4038/sljch.v49i1.8911,"Sri Lanka Journals Online (JOL)","Sri Lanka Journal of Child Health",2020,TRUE,gold,cc-by,publisher
10.1016/j.ijid.2010.02.1882,"Elsevier BV","International Journal of Infectious Diseases",2010,TRUE,gold,,publisher
10.4000/orda.6926,"OpenEdition","L’Ordinaire des Amériques",2022,TRUE,gold,cc-by-nc-nd,publisher
10.37514/atd-j.2004.1.2.11,"The WAC Clearinghouse","Across the Disciplines",2004,TRUE,gold,cc-by-nc-nd,publisher
10.14256/jce.1989.2017,"Croatian Association of Civil Engineers","Journal of the Croatian Association of Civil Engineers",2017,TRUE,gold,cc-by,publisher
10.14201/8299,"Ediciones Universidad de Salamanca","Teoría de la Educación. Revista Interuniversitaria",2011,TRUE,gold,cc-by-nc-nd,publisher
10.1186/s12879-019-3868-8,"Springer Science and Business Media LLC","BMC Infectious Diseases",2019,TRUE,gold,cc-by,publisher
10.1002/advs.202270027,"Wiley","Advanced Science",2022,TRUE,gold,cc-by,publisher
10.13059/racef.v12i3.881,"FUNDACE","Revista de Administração  Contabilidade e Economia da Fundace",2021,TRUE,gold,cc-by-nc-nd,publisher
10.26577/be.2019.v127.i1.26,"al-Farabi Kazakh National University","The Journal of Economic Research &amp; Business Administration",2019,TRUE,gold,cc-by-nc,publisher
10.1590/s0365-05962010000500018,"FapUNIFESP (SciELO)","Anais Brasileiros de Dermatologia",2010,TRUE,gold,cc-by-nc,publisher
10.5144/0256-4947.2020.462,"King Faisal Specialist Hospital and Research Centre","Annals of Saudi Medicine",2020,TRUE,gold,cc-by-nc-nd,publisher
10.5937/socpreg0304163v,"Centre for Evaluation in Education and Science (CEON/CEES)","Socioloski pregled",2003,TRUE,gold,cc-by-sa,publisher
10.21122/1683-6065-2018-4-114-118,"Belarusian National Technical University","Litiyo i Metallurgiya (FOUNDRY PRODUCTION AND METALLURGY)",2019,TRUE,gold,cc-by,publisher
10.9732/p.0034-7191.2014v109p13,"Revista Brasileira de Estudos Politicos","REVISTA BRASILEIRA DE ESTUDOS POLÍTICOS",2014,TRUE,gold,cc-by,publisher
10.25100/lamanzanadeladiscordia.v5i1.1532,"Universidad del Valle","La Manzana de la Discordia",2016,TRUE,gold,cc-by-nc-sa,publisher
10.1186/1475-2875-11-s1-o48,"Springer Science and Business Media LLC","Malaria Journal",2012,TRUE,gold,cc-by,publisher
10.7818/ecos.1793,"Asociacion Espanola de Ecologia Terrestre (AEET)","Ecosistemas",2019,TRUE,gold,cc-by-nc,publisher
10.21664/2238-8869.2012v1i2.p93-102,"Fronteiras: Journal of Social  Technological and Environmental Science","Fronteiras: Journal of Social  Technological and Environmental Science",2013,TRUE,gold,cc-by-nc,publisher
10.25071/1920-7336.21396,"York University Libraries","Refuge: Canada's Journal on Refugees",2008,TRUE,gold,cc-by-nc,publisher
10.2478/v10042-009-0102-3,"VM Media SP. zo.o VM Group SK","Folia Histochemica et Cytobiologica",2010,TRUE,gold,cc-by-nc-nd,publisher
10.1093/geroni/igy023.411,"Oxford University Press (OUP)","Innovation in Aging",2018,TRUE,gold,,publisher
10.24252/kah.v3i1a1,"Universitas Islam Negeri Alauddin Makassar","Khizanah al-Hikmah : Jurnal Ilmu Perpustakaan  Informasi  dan Kearsipan",2015,TRUE,gold,cc-by-nc-sa,publisher
10.4000/resf.717,"OpenEdition","ReS Futurae",2014,TRUE,gold,cc-by-nc-nd,publisher
10.15366/reice2020.18.2.001,"Servicio de Publicaciones de la Universidad Autonoma de Madrid","REICE. Revista Iberoamericana sobre Calidad  Eficacia y Cambio en Educación",2020,TRUE,gold,cc-by-nc-nd,publisher
10.4045/tidsskr.10.1344,"Norwegian Medical Association","Tidsskrift for Den norske legeforening",2011,TRUE,gold,cc-by-nd,publisher
10.51253/pafmj.v71i3.6969,"Army Medical College","PAFMJ",2021,TRUE,gold,cc-by-nc,publisher
10.1590/0103-05822014322,"FapUNIFESP (SciELO)","Revista Paulista de Pediatria",2014,TRUE,gold,cc-by-nc-nd,publisher
10.1590/s0104-11692007000700009,"FapUNIFESP (SciELO)","Revista Latino-Americana de Enfermagem",2007,TRUE,gold,cc-by-nc,publisher
10.4020/jhrs.27.cp1_01,"Wiley","Journal of Arrhythmia",2011,TRUE,gold,,publisher
10.5755/j01.ms.19.2.4433,"Kaunas University of Technology (KTU)","Materials Science",2013,TRUE,gold,cc-by,publisher
10.1097/md.0000000000009858,"Ovid Technologies (Wolters Kluwer Health)","Medicine",2018,TRUE,gold,cc-by-nc-nd,publisher
10.1590/s0103-50532009000200010,"FapUNIFESP (SciELO)","Journal of the Brazilian Chemical Society",2009,TRUE,gold,cc-by-nc,publisher
10.1186/1749-8090-7-85,"Springer Science and Business Media LLC","Journal of Cardiothoracic Surgery",2012,TRUE,gold,cc-by,publisher
10.1590/1809-9823.2015.13171,"FapUNIFESP (SciELO)","Revista Brasileira de Geriatria e Gerontologia",2015,TRUE,gold,cc-by,publisher
10.1186/s12893-018-0376-5,"Springer Science and Business Media LLC","BMC Surgery",2018,TRUE,gold,cc-by,publisher
10.1590/s1414-81452006000300010,"FapUNIFESP (SciELO)","Escola Anna Nery",2006,TRUE,gold,cc-by-nc,publisher
10.1186/s12889-018-5964-x,"Springer Science and Business Media LLC","BMC Public Health",2018,TRUE,gold,cc-by,publisher
10.1097/md.0000000000006233,"Ovid Technologies (Wolters Kluwer Health)","Medicine",2017,TRUE,gold,cc-by-nd,publisher
10.21776/ub.jiip.2016.026.01.1,"Brawijaya University","Jurnal Ilmu Ilmu Peternakan",2016,TRUE,gold,cc-by-nc-sa,publisher
10.26603/ijspt20200571,"International Journal of Sports Physical Therapy","International Journal of Sports Physical Therapy",2020,TRUE,gold,cc-by-nc,publisher
10.22378/2313-6197.2022-10-3.672-692,"Sh.Marjani Institute of History of Tatarstan Academy of Sciences","Golden Horde Review",2022,TRUE,gold,cc-by,publisher
10.14746/strop.2019.464.004,"Adam Mickiewicz University Poznan","Studia Romanica Posnaniensia",2019,TRUE,gold,cc-by-nc-sa,publisher
10.3324/haematol.2016.156844,"Ferrata Storti Foundation (Haematologica)","Haematologica",2017,TRUE,gold,,publisher
10.3324/haematol.2016.151571,"Ferrata Storti Foundation (Haematologica)","Haematologica",2017,TRUE,gold,,publisher
10.1088/1367-2630/10/1/015012,"IOP Publishing","New Journal of Physics",2008,TRUE,gold,cc-by,publisher
10.2196/13504,"JMIR Publications Inc.","Journal of Medical Internet Research",2019,TRUE,gold,cc-by,publisher
10.3846/btp.2014.421,"Vilnius Gediminas Technical University","Business: Theory and Practice",2014,TRUE,gold,cc-by,publisher
10.1186/s12891-016-1047-2,"Springer Science and Business Media LLC","BMC Musculoskeletal Disorders",2016,TRUE,gold,cc-by,publisher
10.1590/s0103-64402010000100012,"FapUNIFESP (SciELO)","Brazilian Dental Journal",2010,TRUE,gold,cc-by-nc,publisher
10.25207/1608-6228-2021-28-2-157-169,"Kuban State Medical University","Kuban Scientific Medical Bulletin",2021,TRUE,gold,cc-by,publisher
10.5604/01.3001.0016.1456,"Index Copernicus","Bulletin of the Military University of Technology",2022,TRUE,gold,cc-by-nc-nd,publisher
10.17853/1994-5639-2022-7-160-190,"Russian State Vocational Pedagogical University","The Education and science journal",2022,TRUE,gold,cc-by,publisher
10.14350/rig.44485,"Instituto de Geografia  UNAM","Investigaciones Geográficas  Boletín del Instituto de Geografía",2013,TRUE,gold,cc-by-nc,publisher
10.1109/access.2017.2769880,"Institute of Electrical and Electronics Engineers (IEEE)","IEEE Access",2017,TRUE,gold,,publisher
10.1186/1471-244x-10-101,"Springer Science and Business Media LLC","BMC Psychiatry",2010,TRUE,gold,cc-by,publisher
10.1289/ehp10812,"Environmental Health Perspectives","Environmental Health Perspectives",2023,TRUE,gold,public-domain,publisher
10.22201/fesz.23958723e.2019.0.177,"Universidad Nacional Autonoma de Mexico","TIP Revista Especializada en Ciencias Químico-Biológicas",2019,TRUE,gold,cc-by-nc-nd,publisher
10.23919/cjee.2020.000029,"Institute of Electrical and Electronics Engineers (IEEE)","Chinese Journal of Electrical Engineering",2020,TRUE,gold,cc-by,publisher
10.31351/vol30iss1pp240-248,"College of Pharmacy University of Baghdad","Iraqi Journal of Pharmaceutical Sciences           ( P-ISSN: 1683 - 3597    E-ISSN : 2521 - 3512)",2021,TRUE,gold,cc-by,publisher
10.12928/pharmaciana.v7i1.4213,"Universitas Ahmad Dahlan","Pharmaciana",2017,TRUE,gold,cc-by-sa,publisher
10.4103/0970-9185.202196,"Medknow","Journal of Anaesthesiology Clinical Pharmacology",2017,TRUE,gold,cc-by-nc-sa,publisher
10.24095/hpcdp.42.11/12.04f,"Health Promotion and Chronic Disease Prevention Branch (HPCDP) Public Health Agency of Canada","Promotion de la santé et prévention des maladies chroniques au Canada",2022,TRUE,gold,cc-by,publisher
10.4103/0019-5154.131391,"Medknow","Indian Journal of Dermatology",2014,TRUE,gold,cc-by-nc-sa,publisher
10.31055/1851.2372.v53.n2.19486,"Universidad Nacional de Cordoba","Boletín de la Sociedad Argentina de Botánica",2018,TRUE,gold,cc-by-nc,publisher
10.25078/jpm.v8i1.768,"Institut Hindu Dharma Negeri Denpasar","Jurnal Penjaminan Mutu",2022,TRUE,gold,cc-by-nc-sa,publisher
10.5392/ijoc.2010.6.4.001,"The Korea Contents Association","International Journal of Contents",2010,TRUE,gold,cc-by-nc,publisher
10.20945/2359-3997000000398,"Archives of Endocrinology and Metabolism","Archives of Endocrinology and Metabolism",2021,TRUE,gold,cc-by,publisher
10.1590/s0102-09352012000500042,"FapUNIFESP (SciELO)","Arquivo Brasileiro de Medicina Veterinária e Zootecnia",2012,TRUE,gold,cc-by-nc,publisher
10.1186/1476-072x-11-50,"Springer Science and Business Media LLC","International Journal of Health Geographics",2012,TRUE,gold,cc-by,publisher
10.4103/aian.aian_606_22,"Medknow","Annals of Indian Academy of Neurology",2022,TRUE,gold,cc-by-nc-sa,publisher
10.25234/pv/21767,"Faculty of Law Josip Juraj Strossmayer University of Osijek","Pravni vjesnik",2022,TRUE,gold,cc-by-nc,publisher
10.4103/0970-1591.56203,"Medknow","Indian Journal of Urology",2009,TRUE,gold,cc-by-nc-sa,publisher
10.14712/23363398.2015.44,"Charles University in Prague  Karolinum Press","AUC THEOLOGICA",2020,TRUE,gold,cc-by,publisher
10.1186/s12882-015-0218-y,"Springer Science and Business Media LLC","BMC Nephrology",2016,TRUE,gold,cc-by,publisher
10.18055/finis1650,"Centro de Estudos Geograficos (IGOT) Universidade de Lisboa","Finisterra",2012,TRUE,gold,cc-by,publisher
10.4274/jcrpe.0042,"Galenos Yayinevi","Journal of Clinical Research in Pediatric Endocrinology",2018,TRUE,gold,cc-by-nc-nd,publisher
10.4103/err.err_25_17,"Springer Science and Business Media LLC","Egyptian Rheumatology and Rehabilitation",2018,TRUE,gold,cc-by,publisher
10.4166/kjg.2015.66.3.176,"The Korean Society of Gastroenterology","The Korean Journal of Gastroenterology",2015,TRUE,gold,cc-by-nc,publisher
10.1590/s0101-73302003000100015,"FapUNIFESP (SciELO)","Educação &amp; Sociedade",2003,TRUE,gold,cc-by-nc,publisher
10.1186/1475-2875-13-395,"Springer Science and Business Media LLC","Malaria Journal",2014,TRUE,gold,cc-by,publisher
10.1186/1477-7827-1-83,"Springer Science and Business Media LLC","Reproductive Biology and Endocrinology",2003,TRUE,gold,,publisher
10.30701/ijc.v35i4.495,"Indonesian Journal of Cardiology","Indonesian Journal of Cardiology",2016,TRUE,gold,cc-by,publisher
10.1344/acs2018.7.6,"Edicions de la Universitat de Barcelona","Anuario del Conflicto Social",2018,TRUE,gold,cc-by,publisher
10.4081/ijas.2005.3s.154,"Informa UK Limited","Italian Journal of Animal Science",2005,TRUE,gold,,publisher
10.15675/gepros.v14i4.2300,"A Fundacao para o Desenvolvimento de Bauru (FunDeB)","Revista Gestão da Produção Operações e Sistemas",2019,TRUE,gold,cc-by-nc-sa,publisher
10.18607/es201876930,"Universidade Federal de Mato Grosso","E&amp;S Engineering and Science",2018,TRUE,gold,cc-by,publisher
10.5114/aic.2020.96071,"Termedia Sp. z.o.o.","Advances in Interventional Cardiology",2020,TRUE,gold,cc-by-nc-sa,publisher
10.14201/zephyrus2013725972,"Ediciones Universidad de Salamanca","Zephyrvs",2013,TRUE,gold,cc-by-nc-nd,publisher
10.1186/1471-2105-14-28,"Springer Science and Business Media LLC","BMC Bioinformatics",2013,TRUE,gold,cc-by,publisher
10.3389/fnins.2016.00195,"Frontiers Media SA","Frontiers in Neuroscience",2016,TRUE,gold,cc-by,publisher
10.14522/darwiniana.2016.41.694,"Instituto de Botanica Darwinion (IBODA)","Darwiniana  nueva serie",2016,TRUE,gold,cc-by-nc,publisher
10.3324/haematol.10835,"Ferrata Storti Foundation (Haematologica)","Haematologica",2007,TRUE,gold,,publisher
10.12688/wellcomeopenres.15875.1,"F1000 Research Ltd","Wellcome Open Research",2020,TRUE,gold,cc-by,publisher
10.1590/s1679-45082012000400015,"FapUNIFESP (SciELO)","Einstein (São Paulo)",2012,TRUE,gold,cc-by,publisher
10.20892/j.issn.2095-3941.2022.0585,"China Anti-cancer Association","Cancer Biology &amp; Medicine",2023,TRUE,gold,cc-by,publisher
10.23968/2500-0055-2016-1-4-36-41,"Saint Petersburg State University of Architecture and Civil Engineering (SPSUACE)","Architecture and Engineering",2016,TRUE,gold,cc-by-nc-nd,publisher
10.31261/ps_p.2020.25.06,"University of Silesia in Katowice","Postscriptum Polonistyczne",2020,TRUE,gold,cc-by-sa,publisher
10.1186/1742-4933-8-12,"Springer Science and Business Media LLC","Immunity &amp; Ageing",2011,TRUE,gold,cc-by,publisher
10.4314/mmj.v22i1.55904,"African Journals Online (AJOL)","Malawi Medical Journal",2010,TRUE,gold,cc-by-nc-nd,publisher
10.12816/0036514,"Egypts Presidential Specialized Council for Education and Scientific Research","مجلة العمارة والفنون والعلوم الإنسانية",2016,TRUE,gold,cc-by,publisher
10.1534/g3.112.003558,"Oxford University Press (OUP)","G3 Genes|Genomes|Genetics",2012,TRUE,gold,cc-by,publisher
10.11603/mie.1996-1960.2011.4.13,"Ternopil State Medical University","Medical Informatics and Engineering",2012,TRUE,gold,cc-by,publisher
10.3345/cep.2021.00990,"Korean Pediatric Society","Clinical and Experimental Pediatrics",2022,TRUE,gold,cc-by-nc,publisher
10.1002/1878-0261.12993,"Wiley","Molecular Oncology",2022,TRUE,gold,cc-by,publisher
10.18378/rvads.v11i3.4307,"Grupo Verde de Agroecologia e Abelhas","Revista Verde de Agroecologia e Desenvolvimento Sustentável",2016,TRUE,gold,cc-by,publisher
10.1139/as-2016-0037,"Canadian Science Publishing","Arctic Science",2017,TRUE,gold,cc-by,publisher
10.1590/2237-266066612,"FapUNIFESP (SciELO)","Revista Brasileira de Estudos da Presença",2017,TRUE,gold,cc-by,publisher
10.1590/s1519-69842003000100002,"FapUNIFESP (SciELO)","Brazilian Journal of Biology",2003,TRUE,gold,cc-by-nc,publisher
10.20945/2359-3997000000531,"Archives of Endocrinology and Metabolism","Archives of Endocrinology and Metabolism",2022,TRUE,gold,cc-by,publisher
10.1590/s0034-70942007000200005,"Elsevier BV","Revista Brasileira de Anestesiologia",2007,TRUE,gold,cc-by-nc-nd,publisher
10.5937/turpos1515017v,"Centre for Evaluation in Education and Science (CEON/CEES)","Turisticko poslovanje",2015,TRUE,gold,cc-by-nc,publisher
10.26740/mathedunesa.v11n1.p111-127,"Universitas Negeri Surabaya","MATHEdunesa",2022,TRUE,gold,cc-by,publisher
10.15330/jpnu.1.2-3.153-159,"Vasyl Stefanyk Precarpathian National University","Journal of Vasyl Stefanyk Precarpathian National University",2014,TRUE,gold,cc-by-nc-nd,publisher
10.1097/01.hs9.0000564440.30762.f4,"Ovid Technologies (Wolters Kluwer Health)","HemaSphere",2019,TRUE,gold,,publisher
10.1161/jaha.117.007806,"Ovid Technologies (Wolters Kluwer Health)","Journal of the American Heart Association",2018,TRUE,gold,cc-by-nc,publisher
10.3176/proc.2011.1.04,"Estonian Academy Publishers","Proceedings of the Estonian Academy of Sciences",2011,TRUE,gold,cc-by,publisher
10.2119/2006-00086.lee,"Springer Science and Business Media LLC","Molecular Medicine",2006,TRUE,gold,,publisher
10.1098/rsos.211208,"The Royal Society","Royal Society Open Science",2022,TRUE,gold,cc-by,publisher
10.21603/2078-8975-2020-22-4-1143-1151,"Kemerovo State University","Bulletin of Kemerovo State University",2021,TRUE,gold,cc-by,publisher
10.2474/trol.14.41,"Japanese Society of Tribologists","Tribology Online",2019,TRUE,gold,cc-by-nc-nd,publisher
10.46743/2160-3715/2020.3673,"Nova Southeastern University","The Qualitative Report",2020,TRUE,gold,cc-by-nc-sa,publisher
10.12688/f1000research.52383.1,"F1000 Research Ltd","F1000Research",2021,TRUE,gold,cc-by,publisher
10.3176/arch.2006.2.01,"Estonian Academy Publishers","Estonian Journal of Archaeology",2006,TRUE,gold,cc-by,publisher
10.26512/rfmc.v7i2.28164,"Biblioteca Central da UNB","Revista de Filosofia Moderna e Contemporânea",2019,TRUE,gold,cc-by-nc-nd,publisher
10.4103/1319-3767.114512,"Medknow","Saudi Journal of Gastroenterology",2013,TRUE,gold,cc-by-nc-sa,publisher
10.1007/s13765-016-0163-x,"Springer Science and Business Media LLC","Applied Biological Chemistry",2016,TRUE,gold,cc-by,publisher
10.3201/eid1708.ac1708,"Centers for Disease Control and Prevention (CDC)","Emerging Infectious Diseases",2011,TRUE,gold,cc-by,publisher
10.5194/isprsarchives-xli-b3-387-2016,"Copernicus GmbH","ISPRS - International Archives of the Photogrammetry  Remote Sensing and Spatial Information Sciences",2016,TRUE,gold,cc-by,publisher
10.51253/pafmj.v71i4.6877,"Army Medical College","PAFMJ",2021,TRUE,gold,cc-by-nc,publisher
10.1177/1687814016667385,"SAGE Publications","Advances in Mechanical Engineering",2016,TRUE,gold,cc-by,publisher
10.37066/ralap.v12i1.103,"Asociacion Latinoamericana de la Papa - ALAP","Revista Latinoamericana de la Papa",2016,TRUE,gold,cc-by-nc-sa,publisher
10.1186/1471-2458-13-1115,"Springer Science and Business Media LLC","BMC Public Health",2013,TRUE,gold,cc-by,publisher
10.5552/crojfe.2021.863,"Faculty of Forestry  University of Zagreb","Croatian journal of forest engineering",2021,TRUE,gold,cc-by,publisher
10.1016/j.ijid.2011.11.005,"Elsevier BV","International Journal of Infectious Diseases",2012,TRUE,gold,,publisher
10.15294/dp.v13i2.18330,"Universitas Negeri Semarang","Dinamika Pendidikan",2018,TRUE,gold,cc-by,publisher
10.53439/revitin.2022.1.10,"Universidad del Norte Santo Tomas de Aquino","Itinerantes. Revista de Historia y Religión",2022,TRUE,gold,cc-by-nc,publisher
10.1590/s0482-50042004000200010,"Springer Science and Business Media LLC","Revista Brasileira de Reumatologia",2004,TRUE,gold,cc-by-nc-nd,publisher
10.1186/1471-2407-9-14,"Springer Science and Business Media LLC","BMC Cancer",2009,TRUE,gold,cc-by,publisher
10.1186/s12958-016-0154-0,"Springer Science and Business Media LLC","Reproductive Biology and Endocrinology",2016,TRUE,gold,cc-by,publisher
10.1126/sciadv.abo2753,"American Association for the Advancement of Science (AAAS)","Science Advances",2022,TRUE,gold,,publisher
10.1186/1471-2105-14-s7-s5,"Springer Science and Business Media LLC","BMC Bioinformatics",2013,TRUE,gold,cc-by,publisher
10.1063/5.0085092,"AIP Publishing","AIP Advances",2022,TRUE,gold,cc-by,publisher
10.1068/ic245,"SAGE Publications","i-Perception",2011,TRUE,gold,cc-by-nc-nd,publisher
10.1186/1472-6750-7-54,"Springer Science and Business Media LLC","BMC Biotechnology",2007,TRUE,gold,cc-by,publisher
10.1186/s13063-017-1827-5,"Springer Science and Business Media LLC","Trials",2017,TRUE,gold,cc-by,publisher
10.15407/rpra22.01.031,"National Academy of Sciences of Ukraine (Co. LTD Ukrinformnauka)","Radio physics and radio astronomy",2017,TRUE,gold,cc-by-nc-nd,publisher
10.3389/fmicb.2015.00226,"Frontiers Media SA","Frontiers in Microbiology",2015,TRUE,gold,cc-by,publisher
10.18066/revistaunivap.v21i37.265,"UNIVAP Universidade de Vale do Paraiba","Revista Univap",2015,TRUE,gold,cc-by,publisher
10.3329/bjms.v15i3.30198,"Bangladesh Journals Online (JOL)","Bangladesh Journal of Medical Science",2016,TRUE,gold,cc-by,publisher
10.15802/stp2017/93162,"Dnipropetrovsk National University of Railway Transport","Science and Transport Progress. Bulletin of Dnipropetrovsk National University of Railway Transport",2017,TRUE,gold,cc-by,publisher
10.4314/tjpr.v13i11.5,"African Journals Online (AJOL)","Tropical Journal of Pharmaceutical Research",2014,TRUE,gold,cc-by,publisher
10.11606/issn.2447-9012.espinosa.2020.171666,"Universidade de Sao Paulo  Agencia USP de Gestao da Informacao Academica (AGUIA)","Cadernos Espinosanos",2020,TRUE,gold,cc-by,publisher
10.22215/timreview/986,"Carleton University","Technology Innovation Management Review",2016,TRUE,gold,cc-by,publisher
10.5964/ejop.v1i2.359,"Leibniz Institute for Psychology (ZPID)","Europe’s Journal of Psychology",2005,TRUE,gold,cc-by,publisher
10.28986/jtaken.v4i1.152,"Audit Board of the Republic of Indonesia","Jurnal Tata Kelola dan Akuntabilitas Keuangan Negara",2018,TRUE,gold,cc-by-sa,publisher
10.1590/s1516-31802008000300001,"FapUNIFESP (SciELO)","Sao Paulo Medical Journal",2008,TRUE,gold,cc-by-nc,publisher
10.5937/ekonomika1604167a,"Centre for Evaluation in Education and Science (CEON/CEES)","Ekonomika",2016,TRUE,gold,cc-by-nc,publisher
10.30870/jppi.v1i1.282,"FKIP Universitas Sultan Ageng Tirtayasa","Jurnal Penelitian dan Pembelajaran IPA",2015,TRUE,gold,cc-by,publisher
10.1186/1477-9560-11-25,"Springer Science and Business Media LLC","Thrombosis Journal",2013,TRUE,gold,cc-by,publisher
10.23917/profetika.v22i2.16694,"Universitas Muhammadiyah Surakarta","Profetika: Jurnal Studi Islam",2021,TRUE,gold,cc-by,publisher
10.15388/ekon.2018.1.11784,"Vilnius University Press","Ekonomika",2018,TRUE,gold,cc-by,publisher
10.1590/1678-4162-8972,"FapUNIFESP (SciELO)","Arquivo Brasileiro de Medicina Veterinária e Zootecnia",2017,TRUE,gold,cc-by-nc,publisher
10.4000/lerhistoria.1950,"OpenEdition","Ler História",2009,TRUE,gold,cc-by-nc,publisher
10.18276/pdp.2016.4.38-04,"University of Szczecin","Przeszłość Demograficzna Polski",2016,TRUE,gold,cc-by-sa,publisher
10.1108/jhr-12-2019-0286,"Office of Academic Resources  Chulalongkorn University - DIGITAL COMMONS JOURNALS","Journal of Health Research",2020,TRUE,gold,cc-by,publisher
10.17159/2411-9717/2018/v118n7a8,"Academy of Science of South Africa","Journal of the Southern African Institute of Mining and Metallurgy",2018,TRUE,gold,cc-by,publisher
10.3389/fpls.2016.00533,"Frontiers Media SA","Frontiers in Plant Science",2016,TRUE,gold,cc-by,publisher
10.18502/jchr.v8i3.1562,"Knowledge E","Journal of Community Health Research",2019,TRUE,gold,cc-by,publisher
10.5334/ijic.s4033,"Ubiquity Press  Ltd.","International Journal of Integrated Care",2021,TRUE,gold,cc-by,publisher
10.4103/2278-330x.114119,"Georg Thieme Verlag KG","South Asian Journal of Cancer",2013,TRUE,gold,cc-by-nc-nd,publisher
10.4204/eptcs.150.2,"Open Publishing Association","Electronic Proceedings in Theoretical Computer Science",2014,TRUE,gold,cc-by-nc-nd,publisher
10.14311/app.2022.32.0015,"Czech Technical University in Prague - Central Library","Acta Polytechnica CTU Proceedings",2022,TRUE,gold,cc-by,publisher
10.21789/24222704.1006,"Universidad de Bogota Jorge Tadeo Lozano","Tiempo y economía",2015,TRUE,gold,cc-by-nc-sa,publisher
10.1186/1743-422x-11-162,"Springer Science and Business Media LLC","Virology Journal",2014,TRUE,gold,cc-by,publisher
10.17651/socjoling.34.10,"Institute of Polish Language","Socjolingwistyka",2020,TRUE,gold,cc-by-nd,publisher
10.4401/ag-3545,"Instituto Nazionale di Geofisica e Vulcanologia  INGV","Annals of Geophysics",2009,TRUE,gold,cc-by,publisher
10.1186/1556-276x-6-304,"Springer Science and Business Media LLC","Nanoscale Research Letters",2011,TRUE,gold,cc-by,publisher
10.1001/jamanetworkopen.2019.10305,"American Medical Association (AMA)","JAMA Network Open",2019,TRUE,gold,cc-by,publisher
10.3201/eid1011.04062402,"Centers for Disease Control and Prevention (CDC)","Emerging Infectious Diseases",2004,TRUE,gold,cc-by,publisher
10.2196/16409,"JMIR Publications Inc.","JMIR mHealth and uHealth",2020,TRUE,gold,cc-by,publisher
10.3389/fnins.2011.00003,"Frontiers Media SA","Frontiers in Neuroscience",2011,TRUE,gold,cc-by,publisher
10.4103/0972-1363.168397,"Medknow","Journal of Indian Academy of Oral Medicine and Radiology",2007,TRUE,gold,cc-by-nc-sa,publisher
10.4103/1658-5127.204425,"Medknow","Journal of Applied Hematology",2017,TRUE,gold,cc-by-nc-sa,publisher
10.17223/2312461x/32/5,"Tomsk State University","Sibirskie istoricheskie issledovaniya",2021,TRUE,gold,cc-by,publisher
10.21665/2318-3888.v9n17p269-291,"Revista Ambivalencias","Revista Ambivalências",2021,TRUE,gold,cc-by,publisher
10.4103/kjo.kjo_72_18,"Medknow","Kerala Journal of Ophthalmology",2018,TRUE,gold,cc-by-nc-sa,publisher
10.1093/ofid/ofu052.1249,"Oxford University Press (OUP)","Open Forum Infectious Diseases",2014,TRUE,gold,,publisher
10.1051/matecconf/201713500002,"EDP Sciences","MATEC Web of Conferences",2017,TRUE,gold,cc-by,publisher
10.1590/s0102-36162012000600002,"Georg Thieme Verlag KG","Revista Brasileira de Ortopedia",2012,TRUE,gold,cc-by-nc,publisher
10.1186/1750-0680-9-2,"Springer Science and Business Media LLC","Carbon Balance and Management",2014,TRUE,gold,cc-by,publisher
10.3389/fmicb.2014.00564,"Frontiers Media SA","Frontiers in Microbiology",2014,TRUE,gold,cc-by,publisher
10.7440/antipoda6.2008.13,"Universidad de los Andes","Antípoda. Revista de Antropología y Arqueología",2008,TRUE,gold,cc-by-nc-nd,publisher
10.5455/pcp.20200316094036,"AVES Publishing Co.","Psychiatry and Clinical Psychopharmacology",2020,TRUE,gold,cc-by-nc,publisher
10.46298/dmtcs.6318,"Centre pour la Communication Scientifique Directe (CCSD)","Discrete Mathematics &amp; Theoretical Computer Science",2020,TRUE,gold,cc-by,publisher
10.1039/d1ea90020j,"Royal Society of Chemistry (RSC)","Environmental Science: Atmospheres",2021,TRUE,gold,,publisher
10.1186/1472-6882-13-150,"Springer Science and Business Media LLC","BMC Complementary and Alternative Medicine",2013,TRUE,gold,cc-by,publisher
10.1590/0034-7167-2016-0246,"FapUNIFESP (SciELO)","Revista Brasileira de Enfermagem",2017,TRUE,gold,cc-by,publisher
10.1626/pps.8.166,"Informa UK Limited","Plant Production Science",2005,TRUE,gold,cc-by,publisher
10.3389/conf.fnins.2010.03.00287,"Frontiers Media SA","Frontiers in Neuroscience",2010,TRUE,gold,cc-by,publisher
10.13111/2066-8201.2012.4.4.7,"INCAS - National Institute for Aerospace Research Elie Carafoli","INCAS BULLETIN",2012,TRUE,gold,cc-by-nc-nd,publisher
10.5070/g313210940,"California Digital Library (CDL)","Electronic Green Journal",2012,TRUE,gold,cc-by,publisher
10.18287/2412-6179-2016-40-4-467-474,"Samara National Research University","Computer Optics",2016,TRUE,gold,cc-by,publisher
10.1186/s12888-018-1880-y,"Springer Science and Business Media LLC","BMC Psychiatry",2018,TRUE,gold,cc-by,publisher
10.24843/jbiounud.2022.v26.i02.p04,"Universitas Udayana","Jurnal Biologi Udayana",2022,TRUE,gold,cc-by,publisher
10.22329/celt.v2i0.3217,"University of Windsor Leddy Library","Collected Essays on Learning and Teaching",2011,TRUE,gold,cc-by,publisher
10.1186/1471-2474-15-20,"Springer Science and Business Media LLC","BMC Musculoskeletal Disorders",2014,TRUE,gold,cc-by,publisher
10.3389/fphys.2018.00310,"Frontiers Media SA","Frontiers in Physiology",2018,TRUE,gold,cc-by,publisher
10.12737/2014,"FSFEI HE Don State Technical University","Вестник Донского государственного технического университета",2013,TRUE,gold,cc-by,publisher
10.18196/ijnp.2285,"Universitas Muhammadiyah Yogyakarta","Indonesian Journal of Nursing Practice",2018,TRUE,gold,cc-by,publisher
10.5797/jnet.cr.2019-0064,"The Japanese Society for Neuroendovascular Therapy","Journal of Neuroendovascular Therapy",2019,TRUE,gold,cc-by-nc-nd,publisher
10.13081/kjmh.2021.30.393,"Korean Society for the History of Medicine","Korean Journal of Medical History",2021,TRUE,gold,cc-by-nc,publisher
10.24310/trasvasestlc.v1i0.7464,"Malaga University","Trasvases entre la literatura y el cine",2019,TRUE,gold,cc-by-nc-sa,publisher
10.1093/ofid/ofx163.494,"Oxford University Press (OUP)","Open Forum Infectious Diseases",2017,TRUE,gold,cc-by-nc-nd,publisher
10.19137/anclajes-2018-2214,"Universidad Nacional de La Pampa","Anclajes",2018,TRUE,gold,cc-by-nc-sa,publisher
10.4102/ajod.v3i1.92,"AOSIS","African Journal of Disability",2014,TRUE,gold,cc-by,publisher
10.5792/ksrr.16.019,"Springer Science and Business Media LLC","Knee Surgery &amp; Related Research",2017,TRUE,gold,cc-by-nc,publisher
10.11606/issn.2316-7114.sig.2007.65649,"Universidade de Sao Paulo  Agencia USP de Gestao da Informacao Academica (AGUIA)","Significação: Revista de Cultura Audiovisual",2007,TRUE,gold,cc-by-nc,publisher
10.4103/jehp.jehp_48_15,"Medknow","Journal of Education and Health Promotion",2017,TRUE,gold,cc-by-nc-sa,publisher
10.3326/fintp.40.2.6,"Institute of Public Finance","Financial Theory and Practice",2016,TRUE,gold,cc-by-nd,publisher
10.5599/jese.448,"International Association of Physical Chemists (IAPC)","Journal of Electrochemical Science and Engineering",2017,TRUE,gold,cc-by,publisher
10.4000/map.4198,"OpenEdition","Mise au point",2020,TRUE,gold,cc-by-nc-nd,publisher
10.5543/tkda.2020.00015,"Turkish Society of Cardiology","Turk Kardiyoloji Dernegi Arsivi-Archives of the Turkish Society of Cardiology",2020,TRUE,gold,cc-by-nc,publisher
10.1590/s0066-782x2006001700008,"FapUNIFESP (SciELO)","Arquivos Brasileiros de Cardiologia",2006,TRUE,gold,cc-by-nc,publisher
10.1051/nss:2005050,"EDP Sciences","Natures Sciences Sociétés",2005,TRUE,gold,cc-by,publisher
10.15835/buasvmcn-asb:10391,"University of Agricultural Sciences and Veterinary Medicine Cluj-Napoca","Bulletin of University of Agricultural Sciences and Veterinary Medicine Cluj-Napoca. Animal Science and Biotechnologies",2015,TRUE,gold,cc-by-nc-nd,publisher
10.14201/alh.2368,"Ediciones Universidad de Salamanca","América Latina Hoy",2009,TRUE,gold,cc-by-nc-nd,publisher
10.4103/jisp.jisp_347_21,"Medknow","Journal of Indian Society of Periodontology",2022,TRUE,gold,cc-by-nc-sa,publisher
10.18523/2617-9067.2018.3-9,"National University of Kyiv - Mohyla Academy","NaUKMA Research Papers. Sociology",2018,TRUE,gold,cc-by,publisher
10.22306/al.v8i2.221,"4S go  s.r.o.","Acta logistica",2021,TRUE,gold,cc-by-nc,publisher
10.26656/fr.2017.5(s1).050,"Rynnye Lyan Resources","Supplementary 1",2021,TRUE,gold,cc-by,publisher
10.24201/reg.v9i1.967,"El Colegio de Mexico  A.C.","Revista Interdisciplinaria de Estudios de Género de El Colegio de México",2023,TRUE,gold,cc-by-nc-nd,publisher
10.1371/journal.pbio.1000510,"Public Library of Science (PLoS)","PLoS Biology",2010,TRUE,gold,cc-by,publisher
10.7251/bii1902159h,"Univerzitet u Istočnom Sarajevu  Medicinski fakultet Foča","Биомедицинска истраживања",2019,TRUE,gold,cc-by,publisher
10.5937/ekopolj1603973m,"","Ekonomika poljoprivrede",2016,TRUE,gold,cc-by-sa,publisher
10.2119/2007-00027.fanganiello,"Springer Science and Business Media LLC","Molecular Medicine",2007,TRUE,gold,cc-by,publisher
10.9767/bcrec.4.2.7108.73-75,"Bulletin of Chemical Reaction Engineering and Catalysis","Bulletin of Chemical Reaction Engineering &amp; Catalysis",2009,TRUE,gold,cc-by-sa,publisher
10.3855/jidc.5208,"Journal of Infection in Developing Countries","The Journal of Infection in Developing Countries",2015,TRUE,gold,cc-by,publisher
10.1515/tjb-2018-43s133,"Walter de Gruyter GmbH","Turkish Journal of Biochemistry",2018,TRUE,gold,cc-by,publisher
10.1590/s0100-72032012000300006,"FapUNIFESP (SciELO)","Revista Brasileira de Ginecologia e Obstetrícia",2012,TRUE,gold,cc-by-nc,publisher
10.4038/sljm.v29i2.165,"Sri Lanka Journals Online (JOL)","Sri Lanka Journal of Medicine",2020,TRUE,gold,cc-by,publisher
10.1590/s0104-14282006000200004,"FapUNIFESP (SciELO)","Polímeros",2006,TRUE,gold,cc-by,publisher
10.5902/198464447584,"Universidad Federal de Santa Maria","Educação (UFSM)",2013,TRUE,gold,cc-by-nc,publisher
10.1093/ofid/ofx163.470,"Oxford University Press (OUP)","Open Forum Infectious Diseases",2017,TRUE,gold,cc-by-nc-nd,publisher
10.1590/0102-311xpe021014,"FapUNIFESP (SciELO)","Cadernos de Saúde Pública",2014,TRUE,gold,cc-by-nc,publisher
10.1186/s12889-018-5384-y,"Springer Science and Business Media LLC","BMC Public Health",2018,TRUE,gold,cc-by,publisher
10.5007/2175-7976.2014v21n31p50,"Universidade Federal de Santa Catarina (UFSC)","Esboços - Revista do Programa de Pós-Graduação em História da UFSC",2014,TRUE,gold,cc-by,publisher
10.5209/poso.58403,"Universidad Complutense de Madrid (UCM)","Política y Sociedad",2018,TRUE,gold,cc-by,publisher
10.1097/gox.0b013e3182976f7e,"Ovid Technologies (Wolters Kluwer Health)","Plastic and Reconstructive Surgery Global Open",2013,TRUE,gold,cc-by-nc-nd,publisher
10.21787/jbp.09.2017.149-158,"Research and Development Agency  Ministry of Home Affairs","Jurnal Bina Praja",2017,TRUE,gold,cc-by-nc-sa,publisher
10.4103/ijph.ijph_46_20,"Medknow","Indian Journal of Public Health",2020,TRUE,gold,cc-by-nc-sa,publisher
10.5700/rege355,"Emerald","Revista de Gestão",2009,TRUE,gold,cc-by,publisher
10.5604/12321966.1232093,"Institute of Rural Health","Annals of Agricultural and Environmental Medicine",2017,TRUE,gold,cc-by-nc,publisher
10.22455/2541-7894-2022-13-400-408,"A. M. Gorky Institute of World Literature of the Russian Academy of Sciences","Literature of the Americas",2022,TRUE,gold,cc-by,publisher
10.24057/2414-9179-2016-1-22-70-74,"LLC Kartfond","Proceedings of the International conference “InterCarto/InterGIS”",2016,TRUE,gold,cc-by,publisher
10.18863/pgy.390629,"Current Approaches in Psychiatry","Psikiyatride Guncel Yaklasimlar - Current Approaches in Psychiatry",2019,TRUE,gold,cc-by-nc-nd,publisher
10.31876/revista.v4i9.8944,"Revista Venezolana de Gerencia (RVG)  Universidad del Zulia","Revista Venezolana de Gerencia",2011,TRUE,gold,cc-by-nc-sa,publisher
10.1590/s1678-91992006000100008,"FapUNIFESP (SciELO)","Journal of Venomous Animals and Toxins including Tropical Diseases",2006,TRUE,gold,cc-by-nc,publisher
10.15171/npj.2017.05,"Maad Rayan Publishing Company","Journal of Nephropharmacology",2017,TRUE,gold,cc-by,publisher
10.22455/2541-8297-2018-10-439-463,"А. M. Gorky Institute of World Literature of the Russian Academy of Sciences","Literary Fact",2018,TRUE,gold,cc-by,publisher
10.1186/s12885-015-1807-7,"Springer Science and Business Media LLC","BMC Cancer",2015,TRUE,gold,cc-by,publisher
10.1021/acsomega.8b01067,"American Chemical Society (ACS)","ACS Omega",2018,TRUE,gold,cc-by,publisher
10.21285/2227-2925-2020-10-4-666-677,"Irkutsk National Research Technical University","Proceedings of Universities. Applied Chemistry and Biotechnology",2021,TRUE,gold,cc-by,publisher
10.12800/ccd.v11i32.713,"UCAM CCD","cultura_ciencia_deporte",2016,TRUE,gold,cc-by-nc-sa,publisher
10.4103/2348-3334.134263,"Medknow","CHRISMED Journal of Health and Research",2014,TRUE,gold,cc-by-nc-sa,publisher
10.24275/uam/azc/dcsh/fh/2020v32n60/arias,"Universidad Autonoma Metropolitana","Fuentes Humanísticas",2020,TRUE,gold,cc-by,publisher
10.22478/ufpb.2525-5584.2020v5n3.57001,"Portal de Periodicos UFPB","Revista Brasileira de Políticas Públicas e Internacionais - RPPI",2020,TRUE,gold,cc-by,publisher
10.1590/0004-282x20180128,"FapUNIFESP (SciELO)","Arquivos de Neuro-Psiquiatria",2018,TRUE,gold,cc-by,publisher
10.17222/mit.2018.143,"Institute of Metals and Technology","Materiali in tehnologije",2019,TRUE,gold,cc-by,publisher
10.31973/aj.v2i111.1588,"University of Baghdad - College of Arts","Al-Adab Journal",2015,TRUE,gold,cc-by,publisher
10.3982/qe370,"The Econometric Society","Quantitative Economics",2015,TRUE,gold,cc-by-nc,publisher
10.26593/jrsi.v5i2.2216.89-95,"LPPM UNPAR","Jurnal Rekayasa Sistem Industri",2016,TRUE,gold,cc-by,publisher
10.5747/cv.2014.v06.n2.v101,"Associacao Prudentina de Educacao e Cultura (APEC)","Colloquium Vitae",2014,TRUE,gold,cc-by-nc-nd,publisher
10.1186/1471-227x-15-s1-a2,"Springer Science and Business Media LLC","BMC Emergency Medicine",2015,TRUE,gold,cc-by,publisher
10.5785/1-1-511,"Stellenbosch University","Per Linguam",2013,TRUE,gold,cc-by-nc-nd,publisher
10.1186/s12871-018-0593-6,"Springer Science and Business Media LLC","BMC Anesthesiology",2018,TRUE,gold,cc-by,publisher
10.7150/ijms.9.93,"Ivyspring International Publisher","International Journal of Medical Sciences",2012,TRUE,gold,cc-by-nc,publisher
10.37514/atd-j.2015.12.4.14,"The WAC Clearinghouse","Across the Disciplines",2015,TRUE,gold,cc-by-nc-nd,publisher
10.3832/ifor0943-007,"Italian Society of Sivilculture and Forest Ecology (SISEF)","iForest - Biogeosciences and Forestry",2014,TRUE,gold,cc-by-nc,publisher
10.1136/bmjopen-2017-020228,"BMJ","BMJ Open",2018,TRUE,gold,cc-by-nc,publisher
10.21714/2178-8030gep.v17i3.4514,"Universidade Salvador - UNIFACS","Gestão &amp; Planejamento",2016,TRUE,gold,cc-by,publisher
10.18193/sah.v2i1.64,"SAHkartell","Studies in Arts and Humanities",2016,TRUE,gold,cc-by-nc-nd,publisher
10.4000/mcv.5695,"OpenEdition","Mélanges de la Casa de Velázquez",2014,TRUE,gold,cc-by-nc-nd,publisher
10.1097/md.0000000000005040,"Ovid Technologies (Wolters Kluwer Health)","Medicine",2016,TRUE,gold,cc-by,publisher
10.15557/jou.2013.0043,"Medical Communications Sp. z.o.o.","Journal of Ultrasonography",2013,TRUE,gold,cc-by-nc-nd,publisher
10.1186/1751-0759-5-13,"Springer Science and Business Media LLC","BioPsychoSocial Medicine",2011,TRUE,gold,cc-by,publisher
10.21071/edmetic.v1i2.2852,"Cordoba University Press (UCOPress)","EDMETIC",2012,TRUE,gold,cc-by,publisher
10.24201/eaa.v53i2.2406,"El Colegio de Mexico  A.C.","Estudios de Asia y África",2018,TRUE,gold,cc-by-nc-nd,publisher
10.4103/0972-2327.144276,"Medknow","Annals of Indian Academy of Neurology",2014,TRUE,gold,cc-by-nc-sa,publisher
10.14483/22487085.172,"Universidad Distrital Francisco Jose de Caldas","Colombian Applied Linguistics Journal",2011,TRUE,gold,cc-by-nc-nd,publisher
10.26773/jaspe.180711,"Montenegrin Sports Academy","Journal of Anthropology of Sport and Physical Education",2018,TRUE,gold,cc-by,publisher
10.18619/2072-9146-2014-3-22-27,"FSBSI All-Russian Scientfic Research Institute of Vegetable Breeding and Seed Production","Vegetable crops of Russia",2014,TRUE,gold,cc-by-nc,publisher
10.1590/0100-2945-233/14,"FapUNIFESP (SciELO)","Revista Brasileira de Fruticultura",2015,TRUE,gold,cc-by,publisher
10.1186/1753-6561-5-s5-s2,"Springer Science and Business Media LLC","BMC Proceedings",2011,TRUE,gold,cc-by,publisher
10.30748/soivt.2018.55.08,"Ivan Kozhedub Kharkiv National Air Force University KNAFU","Системи озброєння і військова техніка",2018,TRUE,gold,cc-by,publisher
10.1016/j.epsc.2020.101401,"Elsevier BV","Journal of Pediatric Surgery Case Reports",2020,TRUE,gold,,publisher
10.24127/ajpm.v9i4.3132,"Muhammadiyah Metro University","AKSIOMA: Jurnal Program Studi Pendidikan Matematika",2020,TRUE,gold,cc-by,publisher
10.1186/2050-7445-2-3,"Springer Science and Business Media LLC","Heritage Science",2014,TRUE,gold,cc-by,publisher
10.29326/2304-196x-2021-10-4-308-316,"FGI Federal Centre for Animal Health (FGI ARRIA)","Veterinary Science Today",2021,TRUE,gold,cc-by,publisher
10.25145/j.pasos.2018.16.033,"University of La Laguna","Pasos. Revista de Turismo y Patrimonio Cultural",2018,TRUE,gold,cc-by-nc-nd,publisher
10.25015/penyuluhan.v11i1.9930,"Department of Communication and Community Development Sciences","Jurnal Penyuluhan",2015,TRUE,gold,cc-by,publisher
10.34192/cienciaysalud.v4i6.192,"Ucimed","Revista Ciencia y Salud Integrando Conocimientos",2020,TRUE,gold,cc-by-nc-nd,publisher
10.1177/2325967117s00359,"SAGE Publications","Orthopaedic Journal of Sports Medicine",2017,TRUE,gold,cc-by-nc-nd,publisher
10.14414/jebav.v17i1.267,"STIE Perbanas Surabaya","Journal of Economics  Business  &amp; Accountancy Ventura",2014,TRUE,gold,cc-by-nc-sa,publisher
10.15804/siip202001,"Wydawnictwo Adam Marszalek","Świat Idei i Polityki",2020,TRUE,gold,cc-by-nc-nd,publisher
10.1186/1477-7819-3-30,"Springer Science and Business Media LLC","World Journal of Surgical Oncology",2005,TRUE,gold,cc-by,publisher
10.35462/flv127.6,"Gobierno de Navarra. Departamento de Cultura y Deporte","Fontes Linguae Vasconum",2019,TRUE,gold,cc-by-nc,publisher
10.1590/s0102-69922011000300021,"FapUNIFESP (SciELO)","Sociedade e Estado",2011,TRUE,gold,cc-by-nc,publisher
10.5020/18061230.2013.p325,"Fundacao Edson Queiroz","Revista Brasileira em Promoção da Saúde",2013,TRUE,gold,cc-by-nc,publisher
10.1136/bmjopen-2018-025810,"BMJ","BMJ Open",2018,TRUE,gold,cc-by-nc,publisher
10.1590/s1519-38292014000400005,"FapUNIFESP (SciELO)","Revista Brasileira de Saúde Materno Infantil",2014,TRUE,gold,cc-by-nc,publisher
10.2355/isijinternational.isijint-2016-688,"Iron and Steel Institute of Japan","ISIJ International",2017,TRUE,gold,,publisher
10.1186/s12943-016-0550-2,"Springer Science and Business Media LLC","Molecular Cancer",2016,TRUE,gold,cc-by,publisher
10.1590/s0101-31732017000400012,"FapUNIFESP (SciELO)","Trans/Form/Ação",2017,TRUE,gold,cc-by,publisher
10.1136/bmjgh-2019-edc.118,"BMJ","BMJ Global Health",2019,TRUE,gold,,publisher
10.12946/rg23/241-252,"Max Planck Institute for Legal History and Legal Theory","Rechtsgeschichte - Legal History",2015,TRUE,gold,cc-by-nc-nd,publisher
10.5752/p.2175-5841.2017v15n47p905,"Pontificia Universidade Catolica de Minas Gerais","HORIZONTE",2017,TRUE,gold,cc-by,publisher
10.29358/sceco.v0i27.412,"Vasile Alecsandri University of Bacau","STUDIES AND SCIENTIFIC RESEARCHES. ECONOMICS EDITION",2018,TRUE,gold,cc-by,publisher
10.15804/ppsy2015015,"Wydawnictwo Adam Marszalek","Polish Political Science Yearbook",2015,TRUE,gold,cc-by-nc-nd,publisher
10.1186/0778-7367-70-16,"Springer Science and Business Media LLC","Archives of Public Health",2012,TRUE,gold,cc-by,publisher
10.3998/ark.5550190.0004.e15,"ARKAT USA  Inc.","Arkivoc",2003,TRUE,gold,cc-by,publisher
10.17344/acsi.2019.5566,"Slovenian Chemical Society","Acta Chimica Slovenica",2020,TRUE,gold,cc-by,publisher
10.1001/jamanetworkopen.2021.17536,"American Medical Association (AMA)","JAMA Network Open",2021,TRUE,gold,cc-by,publisher
10.33393/gcnd.2009.1267,"Aboutscience Srl","Giornale di Clinica Nefrologica e Dialisi",2018,TRUE,gold,cc-by-nc,publisher
10.1262/jrd.2016-068,"Japanese Society of Animal Reproduction","Journal of Reproduction and Development",2017,TRUE,gold,cc-by-nc-nd,publisher
10.1590/s2179-10742011000100020,"FapUNIFESP (SciELO)","Journal of Microwaves  Optoelectronics and Electromagnetic Applications",2011,TRUE,gold,cc-by-nc,publisher
10.32520/stmsi.v8i2.493,"Universitas Islam Indragiri","SISTEMASI",2019,TRUE,gold,cc-by-sa,publisher
10.14198/cuid.2018.51.07,"Universidad de Alicante Servicio de Publicaciones","Cultura de los Cuidados Revista de Enfermería y Humanidades",2018,TRUE,gold,cc-by,publisher
10.1186/1710-1492-10-10,"Springer Science and Business Media LLC","Allergy  Asthma &amp; Clinical Immunology",2014,TRUE,gold,cc-by,publisher
10.7150/thno.32734,"Ivyspring International Publisher","Theranostics",2019,TRUE,gold,cc-by-nc,publisher
10.33912/pagro.v2i2.587,"Revista PesquisAgro","PesquisAgro",2020,TRUE,gold,cc-by-nc,publisher
10.5842/59-0-800,"Stellenbosch University","Stellenbosch Papers in Linguistics Plus",2020,TRUE,gold,cc-by,publisher
10.1553/gw-unterricht144s29,"Osterreichische Akademie der Wissenschaften","GW-Unterricht",2016,TRUE,gold,cc-by-nd,publisher
10.4103/0972-2327.42933,"Medknow","Annals of Indian Academy of Neurology",2008,TRUE,gold,cc-by-nc-sa,publisher
10.15826/vopr_onom.2022.19.3.034,"Ural Federal University","Вопросы Ономастики",2022,TRUE,gold,cc-by-nc-nd,publisher
10.1177/2041731419830264,"SAGE Publications","Journal of Tissue Engineering",2019,TRUE,gold,cc-by,publisher
10.31689/rmm.2017.24.4.204,"CMMB-Colegiul Medicilor Municipiul Bucuresti","Medicina Moderna - Modern Medicine",2017,TRUE,gold,cc-by,publisher
10.1186/1476-072x-13-45,"Springer Science and Business Media LLC","International Journal of Health Geographics",2014,TRUE,gold,cc-by,publisher
10.14482/sun.31.2.6602,"Universidad del Norte","salud uninorte",2015,TRUE,gold,cc-by,publisher
10.5216/bgg.v9i1.4405,"Universidade Federal de Goias","Boletim Goiano de Geografia",2008,TRUE,gold,cc-by,publisher
10.4102/jtscm.v9i1.166,"AOSIS","Journal of Transport and Supply Chain Management",2015,TRUE,gold,cc-by,publisher
10.5840/logos-episteme20101214,"Philosophy Documentation Center","Logos &amp; Episteme",2010,TRUE,gold,cc-by-nc,publisher
10.2903/j.efsa.2022.7173,"Wiley","EFSA Journal",2022,TRUE,gold,cc-by-nd,publisher
10.21512/bbr.v2i2.1248,"Universitas Bina Nusantara","Binus Business Review",2011,TRUE,gold,cc-by-sa,publisher
10.1002/osp4.515,"Wiley","Obesity Science &amp; Practice",2021,TRUE,gold,,publisher
10.22441/sinergi.2021.3.004,"Universitas Mercu Buana","SINERGI",2021,TRUE,gold,cc-by-nc,publisher
10.1186/1756-9966-27-68,"Springer Science and Business Media LLC","Journal of Experimental &amp; Clinical Cancer Research",2008,TRUE,gold,cc-by,publisher
10.7196/sajch.461,"South African Medical Association NPC","South African Journal of Child Health",2012,TRUE,gold,cc-by-nc,publisher
10.1051/matecconf/20164602003,"EDP Sciences","MATEC Web of Conferences",2016,TRUE,gold,cc-by,publisher
10.15391/snsv.2016-1.012,"Kharkiv State Academy of Physical Culture","Слобожанський науково-спортивний вісник",2016,TRUE,gold,cc-by,publisher
10.1109/jphot.2017.2712765,"Institute of Electrical and Electronics Engineers (IEEE)","IEEE Photonics Journal",2017,TRUE,gold,,publisher
10.1186/s13148-015-0126-9,"Springer Science and Business Media LLC","Clinical Epigenetics",2015,TRUE,gold,cc-by,publisher
10.22337/2077-9038-2018-3-55-65,"Publishing House ASV (Izdatelstvo ASV)","Scientific journal “ACADEMIA. ARCHITECTURE AND CONSTRUCTION”",2018,TRUE,gold,cc-by-nc-sa,publisher
10.4401/ag-3179,"Instituto Nazionale di Geofisica e Vulcanologia  INGV","Annals of Geophysics",2009,TRUE,gold,cc-by,publisher
10.3349/ymj.2022.63.6.520,"Yonsei University College of Medicine","Yonsei Medical Journal",2022,TRUE,gold,cc-by-nc,publisher
10.1177/2041731415626018,"SAGE Publications","Journal of Tissue Engineering",2016,TRUE,gold,cc-by-nc,publisher
10.33927/hjic-2019-16,"University of Pannonia","Hungarian Journal of Industry and Chemistry",2019,TRUE,gold,cc-by,publisher
10.4020/jhrs.27.op49_5,"Wiley","Journal of Arrhythmia",2011,TRUE,gold,,publisher
10.1590/s1519-69842009000500001,"FapUNIFESP (SciELO)","Brazilian Journal of Biology",2009,TRUE,gold,cc-by-nc,publisher
10.1503/cmaj.110829,"CMA Joule Inc.","Canadian Medical Association Journal",2011,TRUE,gold,,publisher
10.1590/0034-7167.2018710201,"FapUNIFESP (SciELO)","Revista Brasileira de Enfermagem",2018,TRUE,gold,cc-by,publisher
10.14201/alh.20588,"Ediciones Universidad de Salamanca","América Latina Hoy",2019,TRUE,gold,cc-by-nc-nd,publisher
10.1186/s12916-015-0506-1,"Springer Science and Business Media LLC","BMC Medicine",2015,TRUE,gold,cc-by,publisher
10.19176/rct.v0i34.24142,"Pontifical Catholic University of Sao Paulo (PUC-SP)","Revista de Cultura Teológica. ISSN (impresso) 0104-0529 (eletrônico) 2317-4307",2015,TRUE,gold,cc-by-nc-sa,publisher
10.35305/s.v0i1.11,"Universidad Nacional de Rosario","SaberEs",2009,TRUE,gold,cc-by-sa,publisher
10.12957/tamoios.2020.49034,"Universidade de Estado do Rio de Janeiro","Revista Tamoios",2020,TRUE,gold,cc-by-nc-sa,publisher
10.1186/1471-2202-11-s1-p62,"Springer Science and Business Media LLC","BMC Neuroscience",2010,TRUE,gold,cc-by,publisher
10.12775/hip.2020.021,"Uniwersytet Mikolaja Kopernika/Nicolaus Copernicus University","Historia i Polityka",2020,TRUE,gold,cc-by-nd,publisher
10.2484/rcr.2007.2.83,"Elsevier BV","Radiology Case Reports",2007,TRUE,gold,,publisher
10.1039/d0na90028a,"Royal Society of Chemistry (RSC)","Nanoscale Advances",2020,TRUE,gold,,publisher
10.5569/2340-5104.07.01.10,"SIIS - Centro de Documentacion y Estudios","Revista Española de Discapacidad",2019,TRUE,gold,cc-by-nc-nd,publisher
10.21460/gema.2018.32.391,"Duta Wacana Christian University","GEMA TEOLOGIKA",2018,TRUE,gold,cc-by,publisher
10.4000/oeconomia.1770,"OpenEdition","OEconomia",2011,TRUE,gold,cc-by-nc-nd,publisher
10.24875/ciru.20000987,"Publicidad Permanyer  SLU","Cirugía y Cirujanos",2020,TRUE,gold,cc-by-nc-nd,publisher
10.1186/1744-9081-6-3,"Springer Science and Business Media LLC","Behavioral and Brain Functions",2010,TRUE,gold,cc-by,publisher
10.18240/ijo.2017.05.21,"Press of International Journal of Ophthalmology (IJO Press)","International Journal of Ophthalmology",2017,TRUE,gold,cc-by-nc-nd,publisher
10.13065/jksdh.2013.13.2.211,"Korean Society of Dental Hygiene","Journal of Korean society of Dental Hygiene",2013,TRUE,gold,cc-by-nc,publisher
10.1051/ocl/2017046,"EDP Sciences","OCL",2017,TRUE,gold,cc-by,publisher
10.1126/sciadv.aar5066,"American Association for the Advancement of Science (AAAS)","Science Advances",2019,TRUE,gold,cc-by-nc,publisher
10.26442/20751753.2019.5.190426,"LLC Obyedinennaya Redaktsiya","Consilium Medicum",2019,TRUE,gold,cc-by,publisher
10.34172/bi.2022.24253,"Maad Rayan Publishing Company","BioImpacts",2022,TRUE,gold,cc-by-nc,publisher
10.1007/jhep11(2014)084,"Springer Science and Business Media LLC","Journal of High Energy Physics",2014,TRUE,gold,cc-by,publisher
10.5154/r.rchsh.2004.02.016,"Universidad Autonoma Chapingo","Revista Chapingo Serie Horticultura",2005,TRUE,gold,cc-by-nc-nd,publisher
10.1590/s0101-31732013000200015,"FapUNIFESP (SciELO)","Trans/Form/Ação",2013,TRUE,gold,cc-by-nc,publisher
10.18485/analiff.2020.32.1.5,"Faculty of Philology  University of Belgrade","Анали Филолошког факултета",2020,TRUE,gold,cc-by-sa,publisher
10.1186/1471-2407-14-452,"Springer Science and Business Media LLC","BMC Cancer",2014,TRUE,gold,cc-by,publisher
10.1590/0004-282x20170143,"FapUNIFESP (SciELO)","Arquivos de Neuro-Psiquiatria",2017,TRUE,gold,cc-by,publisher
10.5553/tmsv/258951092019002001006,"Boom Uitgevers Den Haag","Tijdschrift Modernisering Strafvordering",2019,TRUE,gold,cc-by-nc,publisher
10.1186/1471-2148-11-75,"Springer Science and Business Media LLC","BMC Evolutionary Biology",2011,TRUE,gold,cc-by,publisher
10.15201/hungeobull.63.3.6,"Research Centre for Astronomy and Earth Sciences","Hungarian Geographical Bulletin",2014,TRUE,gold,cc-by-nc-nd,publisher
10.31803/tg-20200501101613,"University North","Tehnički glasnik",2020,TRUE,gold,cc-by,publisher
10.1186/cc2042,"Springer Science and Business Media LLC","Critical Care",2003,TRUE,gold,,publisher
10.2903/j.efsa.2014.3535,"Wiley","EFSA Journal",2014,TRUE,gold,cc-by-nd,publisher
10.1039/c5sc00015g,"Royal Society of Chemistry (RSC)","Chemical Science",2015,TRUE,gold,cc-by,publisher
10.1590/s0103-84782004000500034,"FapUNIFESP (SciELO)","Ciência Rural",2004,TRUE,gold,cc-by-nc,publisher
10.1590/s0103-40142013000300014,"FapUNIFESP (SciELO)","Estudos Avançados",2013,TRUE,gold,cc-by-nc,publisher
10.4045/tidsskr.16.0862,"Norwegian Medical Association","Tidsskrift for Den norske legeforening",2016,TRUE,gold,cc-by-nd,publisher
10.4084/mjhid.2011.047,"Institute of Hematology  Catholic University","Mediterranean Journal of Hematology and Infectious Diseases",2011,TRUE,gold,cc-by-nc,publisher
10.31501/esf.v0i4.5480,"Universidade Catolica de Brasilia","esferas",2014,TRUE,gold,cc-by-nc,publisher
10.4249/scholarpedia.6586,"Scholarpedia","Scholarpedia",2015,TRUE,gold,cc-by-nc-sa,publisher
10.26620/uniminuto.praxis.4.5.2004.54-63,"Corporacion Minuto de Dios University - UNIMINUTO","Praxis Pedagógica",2004,TRUE,gold,cc-by,publisher
10.1186/1475-2875-10-314,"Springer Science and Business Media LLC","Malaria Journal",2011,TRUE,gold,cc-by,publisher
10.3846/mla.2017.1076,"Vilnius Gediminas Technical University","Mokslas - Lietuvos ateitis",2017,TRUE,gold,cc-by,publisher
10.4045/tidsskr.15.1002,"Norwegian Medical Association","Tidsskrift for Den norske legeforening",2015,TRUE,gold,cc-by-nd,publisher
10.6018/turismo.39.290531,"Servicio de Publicaciones de la Universidad de Murcia","Cuadernos de Turismo",2017,TRUE,gold,cc-by-nc-nd,publisher
10.4103/psychiatry.indianjpsychiatry_314_16,"Medknow","Indian Journal of Psychiatry",2017,TRUE,gold,cc-by-nc-sa,publisher
10.15608/stjssa.v12i1.249,"Universitas Sebelas Maret","Sains Tanah - Journal of Soil Science and Agroclimatology",2015,TRUE,gold,cc-by-nc,publisher
10.7880/abas.0191025a,"Global Business Research Center","Annals of Business Administrative Science",2019,TRUE,gold,cc-by,publisher
10.17721/1728-2640.2017.133.2.05,"Taras Shevchenko National University of Kyiv","Bulletin of Taras Shevchenko National University of Kyiv. History",2017,TRUE,gold,cc-by,publisher
10.29166/catedra.v3i2.2183,"Facultad de Odontologia","Cátedra",2020,TRUE,gold,cc-by-nc-nd,publisher
10.4103/jmas.jmas_130_20,"Medknow","Journal of Minimal Access Surgery",2021,TRUE,gold,cc-by-nc-sa,publisher
10.53477/2284-9378-21-16,"Univeritatea Nationala de Aparare Carol I","BULLETIN OF 'CAROL I' NATIONAL DEFENCE UNIVERSITY",2021,TRUE,gold,cc-by-nc-sa,publisher
10.1266/ggs.88.261,"Genetics Society of Japan","Genes &amp; Genetic Systems",2013,TRUE,gold,cc-by,publisher
10.2478/v10091-012-0028-1,"Walter de Gruyter GmbH","European Countryside",2012,TRUE,gold,cc-by-nc-nd,publisher
10.29038/2524-2679-2021-01-82-101,"Lesya Ukrainka Volyn National University","Міжнародні відносини  суспільні комунікації та регіональні студії",2021,TRUE,gold,cc-by,publisher
10.1590/s0034-71672006000500016,"FapUNIFESP (SciELO)","Revista Brasileira de Enfermagem",2006,TRUE,gold,cc-by-nc,publisher
10.4000/communication.11613,"OpenEdition","Communication",2020,TRUE,gold,cc-by-nc-nd,publisher
10.4103/ccd.ccd_90_19,"Medknow","Contemporary Clinical Dentistry",2020,TRUE,gold,cc-by-nc-sa,publisher
10.22456/2317-8558.51256,"Universidade Federal do Rio Grande do Sul","Cadernos do Programa de Pós-Graduação em Direito – PPGDir./UFRGS",2014,TRUE,gold,cc-by-nc,publisher
10.18061/dsq.v32i4.3248,"The Ohio State University Libraries","Disability Studies Quarterly",2012,TRUE,gold,cc-by-nc-nd,publisher
10.7150/jca.65308,"Ivyspring International Publisher","Journal of Cancer",2022,TRUE,gold,cc-by,publisher
10.4045/tidsskr.15.0343,"Norwegian Medical Association","Tidsskrift for Den norske legeforening",2015,TRUE,gold,cc-by-nd,publisher
10.22207/jpam.12.1.23,"Journal of Pure and Applied Microbiology","Journal of Pure and Applied Microbiology",2018,TRUE,gold,cc-by,publisher
10.24843/cs.2017.v10.i01.p01,"Universitas Udayana","E-Journal of Cultural Studies",2017,TRUE,gold,cc-by,publisher
10.22151/politikon.41.3,"International Association for Political Science Students","Politikon: IAPSS Journal of Political Science",2019,TRUE,gold,cc-by-nc,publisher
10.7358/rela-2019-0102-zuol,"Led Edizioni Universitarie","Relations. Beyond Anthropocentrism",2020,TRUE,gold,cc-by-nc-nd,publisher
10.2196/mededu.7939,"JMIR Publications Inc.","JMIR Medical Education",2017,TRUE,gold,cc-by,publisher
10.1590/s0100-83582008000200023,"FapUNIFESP (SciELO)","Planta Daninha",2008,TRUE,gold,cc-by-nc,publisher
10.25279/sak.1137973,"Saglik Akademisi Kastamonu","Sağlık Akademisi Kastamonu",2022,TRUE,gold,cc-by-nc,publisher
10.46743/2160-3715/2015.2134,"Nova Southeastern University","The Qualitative Report",2015,TRUE,gold,cc-by-nc-sa,publisher
10.1186/1471-2490-6-7,"Springer Science and Business Media LLC","BMC Urology",2006,TRUE,gold,cc-by,publisher
10.5380/dma.v43i0.54180,"Universidade Federal do Parana","Desenvolvimento e Meio Ambiente",2017,TRUE,gold,cc-by,publisher
10.26650/ppil.2022.42.1.970856,"Istanbul University","Public and Private International Law Bulletin",2022,TRUE,gold,cc-by-nc,publisher
10.1590/s0103-73072013000100004,"FapUNIFESP (SciELO)","Pro-Posições",2013,TRUE,gold,cc-by-nc,publisher
10.1039/d3ea90002a,"Royal Society of Chemistry (RSC)","Environmental Science: Atmospheres",2023,TRUE,gold,,publisher
10.1094/mpmi-07-21-0179-ta,"Scientific Societies","Molecular Plant-Microbe Interactions®",2022,TRUE,gold,cc-by-nc-nd,publisher
10.15645/alabe.2010.2.1,"Editorial Universidad de Almeria","Alabe. Revista de Investigación sobre Lectura y Escritura",2010,TRUE,gold,cc-by-nc-nd,publisher
10.1590/s2316-82422014000100006,"FapUNIFESP (SciELO)","Cadernos Nietzsche",2014,TRUE,gold,cc-by-nc,publisher
10.5812/nms.8587,"Medknow","Nursing and Midwifery Studies",2012,TRUE,gold,cc-by-nc,publisher
10.26879/621,"Coquina Press","Palaeontologia Electronica",2016,TRUE,gold,,publisher
10.14311/bit.2020.02.02,"Czech Technical University in Prague - Central Library","Business &amp; IT",2020,TRUE,gold,cc-by,publisher
10.14483/2248762x.7179,"Universidad Distrital Francisco Jose de Caldas","Redes de Ingeniería",2011,TRUE,gold,cc-by-nc-sa,publisher
10.1155/2009/394635,"Springer Science and Business Media LLC","Advances in Difference Equations",2009,TRUE,gold,cc-by,publisher
10.3221/igf-esis.41.38,"Gruppo Italiano Frattura","Frattura ed Integrità Strutturale",2017,TRUE,gold,cc-by,publisher
10.1590/1982-02752018000200008,"FapUNIFESP (SciELO)","Estudos de Psicologia (Campinas)",2018,TRUE,gold,cc-by,publisher
10.22162/2619-0990-2019-41-1-108-122,"Kalmyk Institute for Humanities of the RAS","Oriental Studies",2019,TRUE,gold,cc-by-nc-nd,publisher
10.1177/2056305116640560,"SAGE Publications","Social Media + Society",2016,TRUE,gold,cc-by-nc,publisher
10.5944/educxx1.9.0.322,"UNED - Universidad Nacional de Educacion a Distancia","Educación XX1",2006,TRUE,gold,cc-by-nc,publisher
10.18270/chps..v15i1.1780,"Universidad el Bosque","Cuadernos Hispanoamericanos de Psicología",2016,TRUE,gold,cc-by,publisher
10.3324/haematol.2010.027342,"Ferrata Storti Foundation (Haematologica)","Haematologica",2010,TRUE,gold,,publisher
10.1186/s40478-016-0344-1,"Springer Science and Business Media LLC","Acta Neuropathologica Communications",2016,TRUE,gold,cc-by,publisher
10.1186/s12889-018-6119-9,"Springer Science and Business Media LLC","BMC Public Health",2018,TRUE,gold,cc-by,publisher
10.4038/sljpsyc.v8i1.8134,"Sri Lanka Journals Online (JOL)","Sri Lanka Journal of Psychiatry",2017,TRUE,gold,cc-by,publisher
10.17076/bg981,"Karelian Research Centre of the Russian Academy of Sciences","Proceedings of the Karelian Research Centre of the Russian Academy of Sciences",2020,TRUE,gold,cc-by,publisher
10.1590/1516-3180.2014.00101812,"FapUNIFESP (SciELO)","Sao Paulo Medical Journal",2015,TRUE,gold,cc-by,publisher
10.46272/2587-8476-2017-0-3-7-16,"Moscow State Institute of International Relations","Journal of International Analytics",2017,TRUE,gold,cc-by,publisher
10.1136/bmjopen-2017-017616,"BMJ","BMJ Open",2017,TRUE,gold,cc-by,publisher
10.1177/0046958017704608,"SAGE Publications","INQUIRY: The Journal of Health Care Organization  Provision  and Financing",2017,TRUE,gold,cc-by-nc,publisher
10.1177/2325967115s00098,"SAGE Publications","Orthopaedic Journal of Sports Medicine",2015,TRUE,gold,cc-by-nc-nd,publisher
10.15249/10-1-101,"Stellenbosch University","African Journal of Business Ethics",2016,TRUE,gold,cc-by-nc-nd,publisher
10.5937/selsem1601053p,"Centre for Evaluation in Education and Science (CEON/CEES)","Selekcija i semenarstvo",2016,TRUE,gold,cc-by-sa,publisher
10.37359/jope.v32(2)2020.989,"College of Physical Education and Sport Science","Journal of Physical Education",2020,TRUE,gold,cc-by,publisher
10.3389/fnhum.2013.00100,"Frontiers Media SA","Frontiers in Human Neuroscience",2013,TRUE,gold,cc-by,publisher
10.21608/jhiph.2008.20911,"Egypts Presidential Specialized Council for Education and Scientific Research","Journal of High Institute of Public Health",2008,TRUE,gold,cc-by-sa,publisher
10.1016/s1728-869x(11)60009-9,"Elsevier BV","Journal of Exercise Science &amp; Fitness",2011,TRUE,gold,,publisher
10.1186/s12913-017-2127-1,"Springer Science and Business Media LLC","BMC Health Services Research",2017,TRUE,gold,cc-by,publisher
10.34172/jhp.2021.08,"Maad Rayan Publishing Company","Journal of Herbmed Pharmacology",2020,TRUE,gold,cc-by,publisher
10.1007/jhep06(2017)051,"Springer Science and Business Media LLC","Journal of High Energy Physics",2017,TRUE,gold,cc-by,publisher
10.4000/cea.866,"OpenEdition","Cadernos de Estudos Africanos",2013,TRUE,gold,cc-by-nc-sa,publisher
10.4093/dmj.2017.41.3.195,"Korean Diabetes Association","Diabetes &amp; Metabolism Journal",2017,TRUE,gold,cc-by-nc,publisher
10.5644/ama2006-124.60,"Academy of Sciences and Arts of Bosnia and Herzegovina","Acta Medica Academica",2012,TRUE,gold,cc-by-nc,publisher
10.4000/chretienssocietes.2301,"OpenEdition","Chrétiens et sociétés",2005,TRUE,gold,cc-by-nc-nd,publisher
10.1186/s13063-016-1200-0,"Springer Science and Business Media LLC","Trials",2016,TRUE,gold,cc-by,publisher
